Entry ID,Contest Name,Contest ID,Entry Fee,PG,SG,SF,PF,C,G,F,UTIL,,Instructions,,,,,,,,
3665231622,NBA $600K Return From Break Special [$150K to 1st],141599279,$15 ,,,,,,,,,,1. Column A lists all of your contest entries for this draftgroup,,,,,,,,
,,,,,,,,,,,,,2. Your current lineup is listed next to each entry (blank for reservations),,,,,,,,
,,,,,,,,,,,,,3. You can change the lineup for an entry by entering the IDs of the players in the row next to that entry,,,,,,,,
,,,,,,,,,,,,,4. Use data from the Name+ID column or the ID column; you cannot use just the player's name,,,,,,,,
,,,,,,,,,,,,,5. For faster processing only include entries you are changing in the file you upload,,,,,,,,
,,,,,,,,,,,,,,,,,,,,,
,,,,,,,,,,,,,Position,Name + ID,Name,ID,Roster Position,Salary,Game Info,TeamAbbrev,AvgPointsPerGame
,,,,,,,,,,,,,PG,Luka Doncic (26727564),Luka Doncic,26727564,PG/G/UTIL,11900,SAS@DAL 02/23/2023 08:30PM ET,DAL,61.5
,,,,,,,,,,,,,C,Nikola Jokic (26727567),Nikola Jokic,26727567,C/UTIL,11800,DEN@CLE 02/23/2023 07:00PM ET,DEN,59.24
,,,,,,,,,,,,,PG,Damian Lillard (26727569),Damian Lillard,26727569,PG/G/UTIL,11400,POR@SAC 02/23/2023 10:00PM ET,POR,50.91
,,,,,,,,,,,,,C,Joel Embiid (26727572),Joel Embiid,26727572,C/UTIL,11100,MEM@PHI 02/23/2023 07:30PM ET,PHI,57.04
,,,,,,,,,,,,,SF/PF,Jayson Tatum (26727574),Jayson Tatum,26727574,SF/PF/F/UTIL,11000,BOS@IND 02/23/2023 07:00PM ET,BOS,52.71
,,,,,,,,,,,,,PG,Ja Morant (26727578),Ja Morant,26727578,PG/G/UTIL,10800,MEM@PHI 02/23/2023 07:30PM ET,MEM,49.79
,,,,,,,,,,,,,SF,LeBron James (26727581),LeBron James,26727581,SF/F/UTIL,10700,GSW@LAL 02/23/2023 10:00PM ET,LAL,54.13
,,,,,,,,,,,,,C,Anthony Davis (26727584),Anthony Davis,26727584,C/UTIL,10600,GSW@LAL 02/23/2023 10:00PM ET,LAL,51.75
,,,,,,,,,,,,,PG,Shai Gilgeous-Alexander (26727586),Shai Gilgeous-Alexander,26727586,PG/G/UTIL,10500,OKC@UTA 02/23/2023 09:00PM ET,OKC,49.71
,,,,,,,,,,,,,PG/SG,Kyrie Irving (26727589),Kyrie Irving,26727589,PG/SG/G/UTIL,10300,SAS@DAL 02/23/2023 08:30PM ET,DAL,46.08
,,,,,,,,,,,,,PF/C,Pascal Siakam (26727593),Pascal Siakam,26727593,PF/C/F/UTIL,10200,NOP@TOR 02/23/2023 07:30PM ET,TOR,46.91
,,,,,,,,,,,,,C,Domantas Sabonis (26727597),Domantas Sabonis,26727597,C/UTIL,10100,POR@SAC 02/23/2023 10:00PM ET,SAC,47.39
,,,,,,,,,,,,,PG,Stephen Curry (26727599),Stephen Curry,26727599,PG/G/UTIL,10000,GSW@LAL 02/23/2023 10:00PM ET,GSW,51.09
,,,,,,,,,,,,,PG,James Harden (26727602),James Harden,26727602,PG/G/UTIL,9900,MEM@PHI 02/23/2023 07:30PM ET,PHI,49.88
,,,,,,,,,,,,,PG,De'Aaron Fox (26727605),De'Aaron Fox,26727605,PG/G/UTIL,9800,POR@SAC 02/23/2023 10:00PM ET,SAC,41.99
,,,,,,,,,,,,,PG,Fred VanVleet (26727608),Fred VanVleet,26727608,PG/G/UTIL,9700,NOP@TOR 02/23/2023 07:30PM ET,TOR,40.25
,,,,,,,,,,,,,PG,Tyrese Haliburton (26727611),Tyrese Haliburton,26727611,PG/G/UTIL,9600,BOS@IND 02/23/2023 07:00PM ET,IND,44.93
,,,,,,,,,,,,,PG/SG,Donovan Mitchell (26727614),Donovan Mitchell,26727614,PG/SG/G/UTIL,9500,DEN@CLE 02/23/2023 07:00PM ET,CLE,44
,,,,,,,,,,,,,SF/PF,Lauri Markkanen (26727618),Lauri Markkanen,26727618,SF/PF/F/UTIL,9400,OKC@UTA 02/23/2023 09:00PM ET,UTA,42.06
,,,,,,,,,,,,,SG/SF,Jaylen Brown (26727622),Jaylen Brown,26727622,SG/SF/F/G/UTIL,9200,BOS@IND 02/23/2023 07:00PM ET,BOS,43.19
,,,,,,,,,,,,,PG/SG,Jordan Poole (26727627),Jordan Poole,26727627,PG/SG/G/UTIL,9100,GSW@LAL 02/23/2023 10:00PM ET,GSW,33.1
,,,,,,,,,,,,,PF/C,Zion Williamson (26727631),Zion Williamson,26727631,PF/C/F/UTIL,9000,NOP@TOR 02/23/2023 07:30PM ET,NOP,43.57
,,,,,,,,,,,,,SG,Brandon Ingram (26727635),Brandon Ingram,26727635,SG/G/UTIL,8900,NOP@TOR 02/23/2023 07:30PM ET,NOP,37.62
,,,,,,,,,,,,,SG/SF,Klay Thompson (26727638),Klay Thompson,26727638,SG/SF/F/G/UTIL,8800,GSW@LAL 02/23/2023 10:00PM ET,GSW,33.24
,,,,,,,,,,,,,PG,Jamal Murray (26727643),Jamal Murray,26727643,PG/G/UTIL,8700,DEN@CLE 02/23/2023 07:00PM ET,DEN,36.72
,,,,,,,,,,,,,SF/PF,Scottie Barnes (26727646),Scottie Barnes,26727646,SF/PF/F/UTIL,8500,NOP@TOR 02/23/2023 07:30PM ET,TOR,35.45
,,,,,,,,,,,,,PG,Darius Garland (26727650),Darius Garland,26727650,PG/G/UTIL,8400,DEN@CLE 02/23/2023 07:00PM ET,CLE,40.03
,,,,,,,,,,,,,PG/SG,Josh Giddey (26727653),Josh Giddey,26727653,PG/SG/G/UTIL,8300,OKC@UTA 02/23/2023 09:00PM ET,OKC,36.88
,,,,,,,,,,,,,PG,CJ McCollum (26727657),CJ McCollum,26727657,PG/G/UTIL,8200,NOP@TOR 02/23/2023 07:30PM ET,NOP,38.8
,,,,,,,,,,,,,SG,Desmond Bane (26727660),Desmond Bane,26727660,SG/G/UTIL,8100,MEM@PHI 02/23/2023 07:30PM ET,MEM,37.05
,,,,,,,,,,,,,PF/C,Evan Mobley (26727663),Evan Mobley,26727663,PF/C/F/UTIL,8000,DEN@CLE 02/23/2023 07:00PM ET,CLE,34.7
,,,,,,,,,,,,,SF/PF,Paolo Banchero (26727667),Paolo Banchero,26727667,SF/PF/F/UTIL,7900,DET@ORL 02/23/2023 07:00PM ET,ORL,35.92
,,,,,,,,,,,,,PF/C,Jaren Jackson Jr. (26727671),Jaren Jackson Jr.,26727671,PF/C/F/UTIL,7800,MEM@PHI 02/23/2023 07:30PM ET,MEM,35.51
,,,,,,,,,,,,,PG,Russell Westbrook (26727675),Russell Westbrook,26727675,PG/G/UTIL,7700,OKC@UTA 02/23/2023 09:00PM ET,UTA,37.38
,,,,,,,,,,,,,PF,Aaron Gordon (26727678),Aaron Gordon,26727678,PF/F/UTIL,7600,DEN@CLE 02/23/2023 07:00PM ET,DEN,33.4
,,,,,,,,,,,,,PG/SG,Jordan Clarkson (26727681),Jordan Clarkson,26727681,PG/SG/G/UTIL,7500,OKC@UTA 02/23/2023 09:00PM ET,UTA,33.79
,,,,,,,,,,,,,PF/C,Draymond Green (26727685),Draymond Green,26727685,PF/C/F/UTIL,7400,GSW@LAL 02/23/2023 10:00PM ET,GSW,30.39
,,,,,,,,,,,,,PG/SG,Anfernee Simons (26727689),Anfernee Simons,26727689,PG/SG/G/UTIL,7300,POR@SAC 02/23/2023 10:00PM ET,POR,33.56
,,,,,,,,,,,,,C,Myles Turner (26727693),Myles Turner,26727693,C/UTIL,7200,BOS@IND 02/23/2023 07:00PM ET,IND,35.83
,,,,,,,,,,,,,PF/C,Christian Wood (26727695),Christian Wood,26727695,PF/C/F/UTIL,7100,SAS@DAL 02/23/2023 08:30PM ET,DAL,33.82
,,,,,,,,,,,,,SF,Keldon Johnson (26727699),Keldon Johnson,26727699,SF/F/UTIL,7000,SAS@DAL 02/23/2023 08:30PM ET,SAS,33.7
,,,,,,,,,,,,,PF,Jerami Grant (26727702),Jerami Grant,26727702,PF/F/UTIL,6900,POR@SAC 02/23/2023 10:00PM ET,POR,33.14
,,,,,,,,,,,,,PG/SG,Derrick White (26727705),Derrick White,26727705,PG/SG/G/UTIL,6800,BOS@IND 02/23/2023 07:00PM ET,BOS,25.55
,,,,,,,,,,,,,SF/PF,Andrew Wiggins (26727709),Andrew Wiggins,26727709,SF/PF/F/UTIL,6700,GSW@LAL 02/23/2023 10:00PM ET,GSW,31.46
,,,,,,,,,,,,,C,Jarrett Allen (26727713),Jarrett Allen,26727713,C/UTIL,6600,DEN@CLE 02/23/2023 07:00PM ET,CLE,33.56
,,,,,,,,,,,,,PG/SG,D'Angelo Russell (26727715),D'Angelo Russell,26727715,PG/SG/G/UTIL,6500,GSW@LAL 02/23/2023 10:00PM ET,LAL,34.03
,,,,,,,,,,,,,PG,Marcus Smart (26727719),Marcus Smart,26727719,PG/G/UTIL,6400,BOS@IND 02/23/2023 07:00PM ET,BOS,29.72
,,,,,,,,,,,,,SF/PF,Bojan Bogdanovic (26727724),Bojan Bogdanovic,26727724,SF/PF/F/UTIL,6300,DET@ORL 02/23/2023 07:00PM ET,DET,31.75
,,,,,,,,,,,,,C,Jusuf Nurkic (26727722),Jusuf Nurkic,26727722,C/UTIL,6300,POR@SAC 02/23/2023 10:00PM ET,POR,33.11
,,,,,,,,,,,,,SG/SF,OG Anunoby (26727731),OG Anunoby,26727731,SG/SF/F/G/UTIL,6200,NOP@TOR 02/23/2023 07:30PM ET,TOR,32.43
,,,,,,,,,,,,,SF,Buddy Hield (26727728),Buddy Hield,26727728,SF/F/UTIL,6200,BOS@IND 02/23/2023 07:00PM ET,IND,31.71
,,,,,,,,,,,,,C,Robert Williams (26727748),Robert Williams,26727748,C/UTIL,6200,BOS@IND 02/23/2023 07:00PM ET,BOS,25.08
,,,,,,,,,,,,,SG/SF,Gary Trent Jr. (26727739),Gary Trent Jr.,26727739,SG/SF/F/G/UTIL,6100,NOP@TOR 02/23/2023 07:30PM ET,TOR,29.01
,,,,,,,,,,,,,C,Jonas Valanciunas (26727755),Jonas Valanciunas,26727755,C/UTIL,6100,NOP@TOR 02/23/2023 07:30PM ET,NOP,30.68
,,,,,,,,,,,,,SF/PF,Jalen Williams (26727744),Jalen Williams,26727744,SF/PF/F/UTIL,6100,OKC@UTA 02/23/2023 09:00PM ET,OKC,24.95
,,,,,,,,,,,,,SF,Michael Porter Jr. (26727736),Michael Porter Jr.,26727736,SF/F/UTIL,6000,DEN@CLE 02/23/2023 07:00PM ET,DEN,28.39
,,,,,,,,,,,,,PG,Markelle Fultz (26727750),Markelle Fultz,26727750,PG/G/UTIL,6000,DET@ORL 02/23/2023 07:00PM ET,ORL,29.12
,,,,,,,,,,,,,C,Steven Adams (26727753),Steven Adams,26727753,C/UTIL,6000,MEM@PHI 02/23/2023 07:30PM ET,MEM,29.99
,,,,,,,,,,,,,SG/SF,Franz Wagner (26727764),Franz Wagner,26727764,SG/SF/F/G/UTIL,5900,DET@ORL 02/23/2023 07:00PM ET,ORL,31.11
,,,,,,,,,,,,,C,Jakob Poeltl (26727762),Jakob Poeltl,26727762,C/UTIL,5900,NOP@TOR 02/23/2023 07:30PM ET,TOR,31.13
,,,,,,,,,,,,,C,Wendell Carter Jr. (26727771),Wendell Carter Jr.,26727771,C/UTIL,5800,DET@ORL 02/23/2023 07:00PM ET,ORL,31.88
,,,,,,,,,,,,,SG/SF,Devin Vassell (26727757),Devin Vassell,26727757,SG/SF/F/G/UTIL,5800,SAS@DAL 02/23/2023 08:30PM ET,SAS,33.63
,,,,,,,,,,,,,SF,Tim Hardaway Jr. (26727776),Tim Hardaway Jr.,26727776,SF/F/UTIL,5700,SAS@DAL 02/23/2023 08:30PM ET,DAL,23.67
,,,,,,,,,,,,,PG,Malcolm Brogdon (26727773),Malcolm Brogdon,26727773,PG/G/UTIL,5700,BOS@IND 02/23/2023 07:00PM ET,BOS,27.43
,,,,,,,,,,,,,C,Walker Kessler (26727769),Walker Kessler,26727769,C/UTIL,5700,OKC@UTA 02/23/2023 09:00PM ET,UTA,23.75
,,,,,,,,,,,,,C,Zach Collins (26727779),Zach Collins,26727779,C/UTIL,5600,SAS@DAL 02/23/2023 08:30PM ET,SAS,22.95
,,,,,,,,,,,,,PG/SG,Collin Sexton (26727781),Collin Sexton,26727781,PG/SG/G/UTIL,5600,OKC@UTA 02/23/2023 09:00PM ET,UTA,22.38
,,,,,,,,,,,,,PG/SG,Jaden Ivey (26727785),Jaden Ivey,26727785,PG/SG/G/UTIL,5500,DET@ORL 02/23/2023 07:00PM ET,DET,28.78
,,,,,,,,,,,,,SG/SF,Kevin Huerter (26727789),Kevin Huerter,26727789,SG/SF/F/G/UTIL,5500,POR@SAC 02/23/2023 10:00PM ET,SAC,27.03
,,,,,,,,,,,,,C,Precious Achiuwa (26727794),Precious Achiuwa,26727794,C/UTIL,5400,NOP@TOR 02/23/2023 07:30PM ET,TOR,23.21
,,,,,,,,,,,,,PG,Tre Jones (26727796),Tre Jones,26727796,PG/G/UTIL,5400,SAS@DAL 02/23/2023 08:30PM ET,SAS,29.1
,,,,,,,,,,,,,SG/SF,Donte DiVincenzo (26727807),Donte DiVincenzo,26727807,SG/SF/F/G/UTIL,5400,GSW@LAL 02/23/2023 10:00PM ET,GSW,22.31
,,,,,,,,,,,,,PF/C,Kelly Olynyk (26727799),Kelly Olynyk,26727799,PF/C/F/UTIL,5300,OKC@UTA 02/23/2023 09:00PM ET,UTA,26.47
,,,,,,,,,,,,,PG/SG,Tyrese Maxey (26727803),Tyrese Maxey,26727803,PG/SG/G/UTIL,5300,MEM@PHI 02/23/2023 07:30PM ET,PHI,31.1
,,,,,,,,,,,,,C,Jalen Duren (26727812),Jalen Duren,26727812,C/UTIL,5200,DET@ORL 02/23/2023 07:00PM ET,DET,23.97
,,,,,,,,,,,,,PF,Jeremy Sochan (26727822),Jeremy Sochan,26727822,PF/F/UTIL,5200,SAS@DAL 02/23/2023 08:30PM ET,SAS,21.75
,,,,,,,,,,,,,SG,Malik Monk (26727814),Malik Monk,26727814,SG/G/UTIL,5200,POR@SAC 02/23/2023 10:00PM ET,SAC,24.15
,,,,,,,,,,,,,SG/SF,Bennedict Mathurin (26727817),Bennedict Mathurin,26727817,SG/SF/F/G/UTIL,5100,BOS@IND 02/23/2023 07:00PM ET,IND,25.64
,,,,,,,,,,,,,SG/SF,Bruce Brown (26727837),Bruce Brown,26727837,SG/SF/F/G/UTIL,5000,DEN@CLE 02/23/2023 07:00PM ET,DEN,24.94
,,,,,,,,,,,,,PF/C,Isaiah Stewart (26727829),Isaiah Stewart,26727829,PF/C/F/UTIL,5000,DET@ORL 02/23/2023 07:00PM ET,DET,26.16
,,,,,,,,,,,,,PF/C,Larry Nance Jr. (26727849),Larry Nance Jr.,26727849,PF/C/F/UTIL,5000,NOP@TOR 02/23/2023 07:30PM ET,NOP,21.44
,,,,,,,,,,,,,PG,Dennis Schroder (26727842),Dennis Schroder,26727842,PG/G/UTIL,5000,GSW@LAL 02/23/2023 10:00PM ET,LAL,23.44
,,,,,,,,,,,,,SF/PF,Harrison Barnes (26727833),Harrison Barnes,26727833,SF/PF/F/UTIL,5000,POR@SAC 02/23/2023 10:00PM ET,SAC,25.01
,,,,,,,,,,,,,PF/C,Al Horford (26727845),Al Horford,26727845,PF/C/F/UTIL,4900,BOS@IND 02/23/2023 07:00PM ET,BOS,24.66
,,,,,,,,,,,,,SF/PF,Tobias Harris (26727825),Tobias Harris,26727825,SF/PF/F/UTIL,4900,MEM@PHI 02/23/2023 07:30PM ET,PHI,30.24
,,,,,,,,,,,,,SF,Trey Murphy III (26727861),Trey Murphy III,26727861,SF/F/UTIL,4800,NOP@TOR 02/23/2023 07:30PM ET,NOP,23.17
,,,,,,,,,,,,,SG/SF,Talen Horton-Tucker (26727853),Talen Horton-Tucker,26727853,SG/SF/F/G/UTIL,4800,OKC@UTA 02/23/2023 09:00PM ET,UTA,16.86
,,,,,,,,,,,,,PG,Killian Hayes (26727864),Killian Hayes,26727864,PG/G/UTIL,4700,DET@ORL 02/23/2023 07:00PM ET,DET,24.6
,,,,,,,,,,,,,PG/SG,Cole Anthony (26727867),Cole Anthony,26727867,PG/SG/G/UTIL,4700,DET@ORL 02/23/2023 07:00PM ET,ORL,26.16
,,,,,,,,,,,,,PF,Keegan Murray (26727858),Keegan Murray,26727858,PF/F/UTIL,4700,POR@SAC 02/23/2023 10:00PM ET,SAC,22.62
,,,,,,,,,,,,,PG/SG,Reggie Jackson (26727878),Reggie Jackson,26727878,PG/SG/G/UTIL,4600,DEN@CLE 02/23/2023 07:00PM ET,DEN,20.45
,,,,,,,,,,,,,PF,Herbert Jones (26727875),Herbert Jones,26727875,PF/F/UTIL,4600,NOP@TOR 02/23/2023 07:30PM ET,NOP,22.04
,,,,,,,,,,,,,SF/PF,Josh Green (26727871),Josh Green,26727871,SF/PF/F/UTIL,4600,SAS@DAL 02/23/2023 08:30PM ET,DAL,16.96
,,,,,,,,,,,,,C,Drew Eubanks (26727882),Drew Eubanks,26727882,C/UTIL,4600,POR@SAC 02/23/2023 10:00PM ET,POR,16.88
,,,,,,,,,,,,,PG/SG,Malaki Branham (26727884),Malaki Branham,26727884,PG/SG/G/UTIL,4500,SAS@DAL 02/23/2023 08:30PM ET,SAS,16.04
,,,,,,,,,,,,,PF/C,Brandon Clarke (26727888),Brandon Clarke,26727888,PF/C/F/UTIL,4500,MEM@PHI 02/23/2023 07:30PM ET,MEM,21.73
,,,,,,,,,,,,,SG/SF,Terence Davis (26727900),Terence Davis,26727900,SG/SF/F/G/UTIL,4500,POR@SAC 02/23/2023 10:00PM ET,SAC,14.4
,,,,,,,,,,,,,SG,Kentavious Caldwell-Pope (26727905),Kentavious Caldwell-Pope,26727905,SG/G/UTIL,4400,DEN@CLE 02/23/2023 07:00PM ET,DEN,22.69
,,,,,,,,,,,,,SG,Caris LeVert (26727908),Caris LeVert,26727908,SG/G/UTIL,4400,DEN@CLE 02/23/2023 07:00PM ET,CLE,24.96
,,,,,,,,,,,,,PG/SG,Devonte' Graham (26727914),Devonte' Graham,26727914,PG/SG/G/UTIL,4400,SAS@DAL 02/23/2023 08:30PM ET,SAS,13.41
,,,,,,,,,,,,,PG,T.J. McConnell (26727911),T.J. McConnell,26727911,PG/G/UTIL,4400,BOS@IND 02/23/2023 07:00PM ET,IND,20.45
,,,,,,,,,,,,,SF,Luguentz Dort (26727897),Luguentz Dort,26727897,SF/F/UTIL,4400,OKC@UTA 02/23/2023 09:00PM ET,OKC,25.44
,,,,,,,,,,,,,C,Kevon Looney (26727892),Kevon Looney,26727892,C/UTIL,4400,GSW@LAL 02/23/2023 10:00PM ET,GSW,23.85
,,,,,,,,,,,,,PF,Rui Hachimura (26727894),Rui Hachimura,26727894,PF/F/UTIL,4400,GSW@LAL 02/23/2023 10:00PM ET,LAL,21.3
,,,,,,,,,,,,,SF/PF,Keita Bates-Diop (26727918),Keita Bates-Diop,26727918,SF/PF/F/UTIL,4300,SAS@DAL 02/23/2023 08:30PM ET,SAS,15.77
,,,,,,,,,,,,,SG/SF,Sam Hauser (26727928),Sam Hauser,26727928,SG/SF/F/G/UTIL,4300,BOS@IND 02/23/2023 07:00PM ET,BOS,12.41
,,,,,,,,,,,,,C,Aleksej Pokusevski (26727926),Aleksej Pokusevski,26727926,C/UTIL,4300,OKC@UTA 02/23/2023 09:00PM ET,OKC,22.17
,,,,,,,,,,,,,PF,Santi Aldama (26727933),Santi Aldama,26727933,PF/F/UTIL,4300,MEM@PHI 02/23/2023 07:30PM ET,MEM,20.44
,,,,,,,,,,,,,PG/SG,Jalen Suggs (26727922),Jalen Suggs,26727922,PG/SG/G/UTIL,4200,DET@ORL 02/23/2023 07:00PM ET,ORL,21.1
,,,,,,,,,,,,,PF,Chris Boucher (26727936),Chris Boucher,26727936,PF/F/UTIL,4200,NOP@TOR 02/23/2023 07:30PM ET,TOR,21.27
,,,,,,,,,,,,,SF/PF,Grant Williams (26727939),Grant Williams,26727939,SF/PF/F/UTIL,4200,BOS@IND 02/23/2023 07:00PM ET,BOS,19.8
,,,,,,,,,,,,,SF,Dillon Brooks (26727947),Dillon Brooks,26727947,SF/F/UTIL,4200,MEM@PHI 02/23/2023 07:30PM ET,MEM,24.92
,,,,,,,,,,,,,PF/C,Jarred Vanderbilt (26727943),Jarred Vanderbilt,26727943,PF/C/F/UTIL,4200,GSW@LAL 02/23/2023 10:00PM ET,LAL,24.5
,,,,,,,,,,,,,PF/C,Jonathan Kuminga (26727950),Jonathan Kuminga,26727950,PF/C/F/UTIL,4100,GSW@LAL 02/23/2023 10:00PM ET,GSW,16.39
,,,,,,,,,,,,,SG,Malik Beasley (26727959),Malik Beasley,26727959,SG/G/UTIL,4100,GSW@LAL 02/23/2023 10:00PM ET,LAL,23.09
,,,,,,,,,,,,,SG/SF,Josh Richardson (26727954),Josh Richardson,26727954,SG/SF/F/G/UTIL,4000,NOP@TOR 02/23/2023 07:30PM ET,NOP,22.62
,,,,,,,,,,,,,PF,Reggie Bullock (26727969),Reggie Bullock,26727969,PF/F/UTIL,4000,SAS@DAL 02/23/2023 08:30PM ET,DAL,15.88
,,,,,,,,,,,,,PF,Aaron Nesmith (26727962),Aaron Nesmith,26727962,PF/F/UTIL,4000,BOS@IND 02/23/2023 07:00PM ET,IND,19.11
,,,,,,,,,,,,,SF/PF,Kenrich Williams (26727965),Kenrich Williams,26727965,SF/PF/F/UTIL,4000,OKC@UTA 02/23/2023 09:00PM ET,OKC,19.28
,,,,,,,,,,,,,C,Xavier Tillman (26727986),Xavier Tillman,26727986,C/UTIL,4000,MEM@PHI 02/23/2023 07:30PM ET,MEM,13.53
,,,,,,,,,,,,,PG,Ricky Rubio (26727983),Ricky Rubio,26727983,PG/G/UTIL,3900,DEN@CLE 02/23/2023 07:00PM ET,CLE,17.05
,,,,,,,,,,,,,PF/C,Marvin Bagley III (26727979),Marvin Bagley III,26727979,PF/C/F/UTIL,3900,DET@ORL 02/23/2023 07:00PM ET,DET,21.36
,,,,,,,,,,,,,C,Montrezl Harrell (26727972),Montrezl Harrell,26727972,C/UTIL,3900,MEM@PHI 02/23/2023 07:30PM ET,PHI,11.37
,,,,,,,,,,,,,SG/SF,De'Anthony Melton (26727974),De'Anthony Melton,26727974,SG/SF/F/G/UTIL,3900,MEM@PHI 02/23/2023 07:30PM ET,PHI,24.86
,,,,,,,,,,,,,SG/SF,Dyson Daniels (26727988),Dyson Daniels,26727988,SG/SF/F/G/UTIL,3800,NOP@TOR 02/23/2023 07:30PM ET,NOP,14.59
,,,,,,,,,,,,,PG/SG,Payton Pritchard (26728000),Payton Pritchard,26728000,PG/SG/G/UTIL,3800,BOS@IND 02/23/2023 07:00PM ET,BOS,9.2
,,,,,,,,,,,,,C,Mike Muscala (26728004),Mike Muscala,26728004,C/UTIL,3800,BOS@IND 02/23/2023 07:00PM ET,BOS,13.91
,,,,,,,,,,,,,SG,Isaiah Joe (26727993),Isaiah Joe,26727993,SG/G/UTIL,3800,OKC@UTA 02/23/2023 09:00PM ET,OKC,15.03
,,,,,,,,,,,,,PG/SG,Shaedon Sharpe (26727996),Shaedon Sharpe,26727996,PG/SG/G/UTIL,3800,POR@SAC 02/23/2023 10:00PM ET,POR,13.47
,,,,,,,,,,,,,SF/PF,Vlatko Cancar (26728008),Vlatko Cancar,26728008,SF/PF/F/UTIL,3700,DEN@CLE 02/23/2023 07:00PM ET,DEN,12.32
,,,,,,,,,,,,,PG/SG,Alec Burks (26728016),Alec Burks,26728016,PG/SG/G/UTIL,3700,DET@ORL 02/23/2023 07:00PM ET,DET,21.91
,,,,,,,,,,,,,SF/PF,Chuma Okeke (26728024),Chuma Okeke,26728024,SF/PF/F/UTIL,3700,DET@ORL 02/23/2023 07:00PM ET,ORL,14.66
,,,,,,,,,,,,,SF/PF,Naji Marshall (26728020),Naji Marshall,26728020,SF/PF/F/UTIL,3700,NOP@TOR 02/23/2023 07:30PM ET,NOP,20.1
,,,,,,,,,,,,,C,Dwight Powell (26728006),Dwight Powell,26728006,C/UTIL,3700,SAS@DAL 02/23/2023 08:30PM ET,DAL,15.02
,,,,,,,,,,,,,SF/PF,Nassir Little (26728012),Nassir Little,26728012,SF/PF/F/UTIL,3700,POR@SAC 02/23/2023 10:00PM ET,POR,11.84
,,,,,,,,,,,,,SG/SF,Hamidou Diallo (26728033),Hamidou Diallo,26728033,SG/SF/F/G/UTIL,3600,DET@ORL 02/23/2023 07:00PM ET,DET,16.08
,,,,,,,,,,,,,SG/SF,Cam Reddish (26728028),Cam Reddish,26728028,SG/SF/F/G/UTIL,3600,POR@SAC 02/23/2023 10:00PM ET,POR,14.95
,,,,,,,,,,,,,C,Moritz Wagner (26728041),Moritz Wagner,26728041,C/UTIL,3500,DET@ORL 02/23/2023 07:00PM ET,ORL,21.67
,,,,,,,,,,,,,C,James Wiseman (26728073),James Wiseman,26728073,C/UTIL,3500,DET@ORL 02/23/2023 07:00PM ET,DET,13.09
,,,,,,,,,,,,,PG,Jose Alvarado (26728043),Jose Alvarado,26728043,PG/G/UTIL,3500,NOP@TOR 02/23/2023 07:30PM ET,NOP,19.33
,,,,,,,,,,,,,PG/SG,Andrew Nembhard (26728046),Andrew Nembhard,26728046,PG/SG/G/UTIL,3500,BOS@IND 02/23/2023 07:00PM ET,IND,19.93
,,,,,,,,,,,,,C,Daniel Theis (26728078),Daniel Theis,26728078,C/UTIL,3500,BOS@IND 02/23/2023 07:00PM ET,IND,13.46
,,,,,,,,,,,,,PG,Ty Jerome (26728038),Ty Jerome,26728038,PG/G/UTIL,3500,GSW@LAL 02/23/2023 10:00PM ET,GSW,14.92
,,,,,,,,,,,,,SG/SF,Matisse Thybulle (26728050),Matisse Thybulle,26728050,SG/SF/F/G/UTIL,3500,POR@SAC 02/23/2023 10:00PM ET,POR,8.12
,,,,,,,,,,,,,SG/SF,Christian Braun (26728080),Christian Braun,26728080,SG/SF/F/G/UTIL,3400,DEN@CLE 02/23/2023 07:00PM ET,DEN,9.88
,,,,,,,,,,,,,SG,Gary Harris (26728085),Gary Harris,26728085,SG/G/UTIL,3400,DET@ORL 02/23/2023 07:00PM ET,ORL,15.83
,,,,,,,,,,,,,C,Guillermo Hernangomez (26728055),Guillermo Hernangomez,26728055,C/UTIL,3400,NOP@TOR 02/23/2023 07:30PM ET,NOP,16.82
,,,,,,,,,,,,,SG,Romeo Langford (26728068),Romeo Langford,26728068,SG/G/UTIL,3400,SAS@DAL 02/23/2023 08:30PM ET,SAS,14.56
,,,,,,,,,,,,,PF/C,Blake Griffin (26728062),Blake Griffin,26728062,PF/C/F/UTIL,3400,BOS@IND 02/23/2023 07:00PM ET,BOS,12.22
,,,,,,,,,,,,,C,Isaiah Jackson (26728066),Isaiah Jackson,26728066,C/UTIL,3400,BOS@IND 02/23/2023 07:00PM ET,IND,16.46
,,,,,,,,,,,,,SG/SF,Ochai Agbaji (26728057),Ochai Agbaji,26728057,SG/SF/F/G/UTIL,3400,OKC@UTA 02/23/2023 09:00PM ET,UTA,8.15
,,,,,,,,,,,,,C,Jaylin Williams (26728071),Jaylin Williams,26728071,C/UTIL,3400,OKC@UTA 02/23/2023 09:00PM ET,OKC,14.24
,,,,,,,,,,,,,PG,Tyus Jones (26728075),Tyus Jones,26728075,PG/G/UTIL,3400,MEM@PHI 02/23/2023 07:30PM ET,MEM,21.92
,,,,,,,,,,,,,SG/SF,Isaac Okoro (26728090),Isaac Okoro,26728090,SG/SF/F/G/UTIL,3300,DEN@CLE 02/23/2023 07:00PM ET,CLE,13.6
,,,,,,,,,,,,,PF,Jeff Green (26728095),Jeff Green,26728095,PF/F/UTIL,3300,DEN@CLE 02/23/2023 07:00PM ET,DEN,13.86
,,,,,,,,,,,,,PF/C,Bol Bol (26728110),Bol Bol,26728110,PF/C/F/UTIL,3300,DET@ORL 02/23/2023 07:00PM ET,ORL,22.54
,,,,,,,,,,,,,C,Charles Bassey (26728088),Charles Bassey,26728088,C/UTIL,3300,SAS@DAL 02/23/2023 08:30PM ET,SAS,15.46
,,,,,,,,,,,,,SG,Jaden Hardy (26728107),Jaden Hardy,26728107,SG/G/UTIL,3300,SAS@DAL 02/23/2023 08:30PM ET,DAL,10.2
,,,,,,,,,,,,,SG/SF,Chris Duarte (26728102),Chris Duarte,26728102,SG/SF/F/G/UTIL,3300,BOS@IND 02/23/2023 07:00PM ET,IND,14.71
,,,,,,,,,,,,,PF,Dario Saric (26728114),Dario Saric,26728114,PF/F/UTIL,3300,OKC@UTA 02/23/2023 09:00PM ET,OKC,13.97
,,,,,,,,,,,,,SF/PF,Troy Brown Jr. (26728098),Troy Brown Jr.,26728098,SF/PF/F/UTIL,3300,GSW@LAL 02/23/2023 10:00PM ET,LAL,16.13
,,,,,,,,,,,,,C,Trendon Watford (26728117),Trendon Watford,26728117,C/UTIL,3300,POR@SAC 02/23/2023 10:00PM ET,POR,12.92
,,,,,,,,,,,,,SF/PF,Isaiah Livers (26728137),Isaiah Livers,26728137,SF/PF/F/UTIL,3200,DET@ORL 02/23/2023 07:00PM ET,DET,11.84
,,,,,,,,,,,,,C,Jeremiah Robinson-Earl (26728133),Jeremiah Robinson-Earl,26728133,C/UTIL,3200,OKC@UTA 02/23/2023 09:00PM ET,OKC,18.15
,,,,,,,,,,,,,SF/PF,Simone Fontecchio (26728141),Simone Fontecchio,26728141,SF/PF/F/UTIL,3200,OKC@UTA 02/23/2023 09:00PM ET,UTA,6.57
,,,,,,,,,,,,,SF/PF,Jalen McDaniels (26728127),Jalen McDaniels,26728127,SF/PF/F/UTIL,3200,MEM@PHI 02/23/2023 07:30PM ET,PHI,22.49
,,,,,,,,,,,,,PG/SG,Austin Reaves (26728119),Austin Reaves,26728119,PG/SG/G/UTIL,3200,GSW@LAL 02/23/2023 10:00PM ET,LAL,19.16
,,,,,,,,,,,,,C,Mo Bamba (26728135),Mo Bamba,26728135,C/UTIL,3200,GSW@LAL 02/23/2023 10:00PM ET,LAL,17.4
,,,,,,,,,,,,,PF/C,Trey Lyles (26728123),Trey Lyles,26728123,PF/C/F/UTIL,3200,POR@SAC 02/23/2023 10:00PM ET,SAC,14.74
,,,,,,,,,,,,,C,Thomas Bryant (26728131),Thomas Bryant,26728131,C/UTIL,3100,DEN@CLE 02/23/2023 07:00PM ET,DEN,22.7
,,,,,,,,,,,,,SF/PF,Cedi Osman (26728153),Cedi Osman,26728153,SF/PF/F/UTIL,3100,DEN@CLE 02/23/2023 07:00PM ET,CLE,15.69
,,,,,,,,,,,,,PG,Ish Smith (26728166),Ish Smith,26728166,PG/G/UTIL,3100,DEN@CLE 02/23/2023 07:00PM ET,DEN,8.48
,,,,,,,,,,,,,PG,Cory Joseph (26728172),Cory Joseph,26728172,PG/G/UTIL,3100,DET@ORL 02/23/2023 07:00PM ET,DET,12.29
,,,,,,,,,,,,,SF,Doug McDermott (26728145),Doug McDermott,26728145,SF/F/UTIL,3100,SAS@DAL 02/23/2023 08:30PM ET,SAS,15.95
,,,,,,,,,,,,,SF,Aaron Wiggins (26728169),Aaron Wiggins,26728169,SF/F/UTIL,3100,OKC@UTA 02/23/2023 09:00PM ET,OKC,13.64
,,,,,,,,,,,,,PF,Georges Niang (26728161),Georges Niang,26728161,PF/F/UTIL,3100,MEM@PHI 02/23/2023 07:30PM ET,PHI,15.57
,,,,,,,,,,,,,SG/SF,John Konchar (26728175),John Konchar,26728175,SG/SF/F/G/UTIL,3100,MEM@PHI 02/23/2023 07:30PM ET,MEM,16.78
,,,,,,,,,,,,,SG/SF,Lonnie Walker IV (26728148),Lonnie Walker IV,26728148,SG/SF/F/G/UTIL,3100,GSW@LAL 02/23/2023 10:00PM ET,LAL,20.15
,,,,,,,,,,,,,C,JaMychal Green (26728164),JaMychal Green,26728164,C/UTIL,3100,GSW@LAL 02/23/2023 10:00PM ET,GSW,14.32
,,,,,,,,,,,,,PG/SG,Davion Mitchell (26728157),Davion Mitchell,26728157,PG/SG/G/UTIL,3100,POR@SAC 02/23/2023 10:00PM ET,SAC,11.76
,,,,,,,,,,,,,PG,Raul Neto (26728205),Raul Neto,26728205,PG/G/UTIL,3000,DEN@CLE 02/23/2023 07:00PM ET,CLE,7.24
,,,,,,,,,,,,,C,Robin Lopez (26728208),Robin Lopez,26728208,C/UTIL,3000,DEN@CLE 02/23/2023 07:00PM ET,CLE,5.22
,,,,,,,,,,,,,PF/C,Dean Wade (26728210),Dean Wade,26728210,PF/C/F/UTIL,3000,DEN@CLE 02/23/2023 07:00PM ET,CLE,14.18
,,,,,,,,,,,,,PF,Kevin Love (26728214),Kevin Love,26728214,PF/F/UTIL,3000,DEN@CLE 02/23/2023 07:00PM ET,CLE,20.92
,,,,,,,,,,,,,SF,Dylan Windler (26728217),Dylan Windler,26728217,SF/F/UTIL,3000,DEN@CLE 02/23/2023 07:00PM ET,CLE,0
,,,,,,,,,,,,,SG/SF,Danny Green (26728220),Danny Green,26728220,SG/SF/F/G/UTIL,3000,DEN@CLE 02/23/2023 07:00PM ET,CLE,6.44
,,,,,,,,,,,,,PF/C,Isaiah Mobley (26728225),Isaiah Mobley,26728225,PF/C/F/UTIL,3000,DEN@CLE 02/23/2023 07:00PM ET,CLE,3.16
,,,,,,,,,,,,,SF/PF,Lamar Stevens (26728229),Lamar Stevens,26728229,SF/PF/F/UTIL,3000,DEN@CLE 02/23/2023 07:00PM ET,CLE,11.04
,,,,,,,,,,,,,PF/C,Mamadi Diakite (26728233),Mamadi Diakite,26728233,PF/C/F/UTIL,3000,DEN@CLE 02/23/2023 07:00PM ET,CLE,3.69
,,,,,,,,,,,,,C,DeAndre Jordan (26728421),DeAndre Jordan,26728421,C/UTIL,3000,DEN@CLE 02/23/2023 07:00PM ET,DEN,13.62
,,,,,,,,,,,,,SG,Peyton Watson (26728423),Peyton Watson,26728423,SG/G/UTIL,3000,DEN@CLE 02/23/2023 07:00PM ET,DEN,2.67
,,,,,,,,,,,,,PF,Jack White (26728426),Jack White,26728426,PF/F/UTIL,3000,DEN@CLE 02/23/2023 07:00PM ET,DEN,1.91
,,,,,,,,,,,,,PF/C,Zeke Nnaji (26728429),Zeke Nnaji,26728429,PF/C/F/UTIL,3000,DEN@CLE 02/23/2023 07:00PM ET,DEN,9.84
,,,,,,,,,,,,,PG,Collin Gillespie (26728433),Collin Gillespie,26728433,PG/G/UTIL,3000,DEN@CLE 02/23/2023 07:00PM ET,DEN,0
,,,,,,,,,,,,,SF/PF,Caleb Houstan (26728329),Caleb Houstan,26728329,SF/PF/F/UTIL,3000,DET@ORL 02/23/2023 07:00PM ET,ORL,8.72
,,,,,,,,,,,,,PF,Admiral Schofield (26728333),Admiral Schofield,26728333,PF/F/UTIL,3000,DET@ORL 02/23/2023 07:00PM ET,ORL,9.13
,,,,,,,,,,,,,SG,Kevon Harris (26728336),Kevon Harris,26728336,SG/G/UTIL,3000,DET@ORL 02/23/2023 07:00PM ET,ORL,7.81
,,,,,,,,,,,,,C,Goga Bitadze (26728339),Goga Bitadze,26728339,C/UTIL,3000,DET@ORL 02/23/2023 07:00PM ET,ORL,9.18
,,,,,,,,,,,,,PG,R.J. Hampton (26728341),R.J. Hampton,26728341,PG/G/UTIL,3000,DET@ORL 02/23/2023 07:00PM ET,ORL,11.05
,,,,,,,,,,,,,SF/PF,Jonathan Isaac (26728344),Jonathan Isaac,26728344,SF/PF/F/UTIL,3000,DET@ORL 02/23/2023 07:00PM ET,ORL,12.98
,,,,,,,,,,,,,SG/SF,Rodney McGruder (26728510),Rodney McGruder,26728510,SG/SF/F/G/UTIL,3000,DET@ORL 02/23/2023 07:00PM ET,DET,6.6
,,,,,,,,,,,,,PF,Jared Rhoden (26728515),Jared Rhoden,26728515,PF/F/UTIL,3000,DET@ORL 02/23/2023 07:00PM ET,DET,3.25
,,,,,,,,,,,,,SF,Stanley Umude (26728518),Stanley Umude,26728518,SF/F/UTIL,3000,DET@ORL 02/23/2023 07:00PM ET,DET,6
,,,,,,,,,,,,,SG/SF,Buddy Boeheim (26728521),Buddy Boeheim,26728521,SG/SF/F/G/UTIL,3000,DET@ORL 02/23/2023 07:00PM ET,DET,0
,,,,,,,,,,,,,C,Nerlens Noel (26728526),Nerlens Noel,26728526,C/UTIL,3000,DET@ORL 02/23/2023 07:00PM ET,DET,9.23
,,,,,,,,,,,,,PG,Cade Cunningham (26728528),Cade Cunningham,26728528,PG/G/UTIL,3000,DET@ORL 02/23/2023 07:00PM ET,DET,38.92
,,,,,,,,,,,,,SF,Dereon Seabron (26728182),Dereon Seabron,26728182,SF/F/UTIL,3000,NOP@TOR 02/23/2023 07:30PM ET,NOP,1.05
,,,,,,,,,,,,,SF,Juancho Hernangomez (26728372),Juancho Hernangomez,26728372,SF/F/UTIL,3000,NOP@TOR 02/23/2023 07:30PM ET,TOR,8.71
,,,,,,,,,,,,,PG/SG,Jeff Dowtin (26728375),Jeff Dowtin,26728375,PG/SG/G/UTIL,3000,NOP@TOR 02/23/2023 07:30PM ET,TOR,4.7
,,,,,,,,,,,,,PG/SG,Malachi Flynn (26728379),Malachi Flynn,26728379,PG/SG/G/UTIL,3000,NOP@TOR 02/23/2023 07:30PM ET,TOR,10.14
,,,,,,,,,,,,,SF,Ron Harper Jr. (26728383),Ron Harper Jr.,26728383,SF/F/UTIL,3000,NOP@TOR 02/23/2023 07:30PM ET,TOR,3.83
,,,,,,,,,,,,,C,Christian Koloko (26728386),Christian Koloko,26728386,C/UTIL,3000,NOP@TOR 02/23/2023 07:30PM ET,TOR,10.82
,,,,,,,,,,,,,PG/SF,Joe Wieskamp (26728388),Joe Wieskamp,26728388,PG/SF/F/G/UTIL,3000,NOP@TOR 02/23/2023 07:30PM ET,TOR,5.75
,,,,,,,,,,,,,PG/SG,Dalano Banton (26728393),Dalano Banton,26728393,PG/SG/G/UTIL,3000,NOP@TOR 02/23/2023 07:30PM ET,TOR,9.78
,,,,,,,,,,,,,PF,Thaddeus Young (26728397),Thaddeus Young,26728397,PF/F/UTIL,3000,NOP@TOR 02/23/2023 07:30PM ET,TOR,13.42
,,,,,,,,,,,,,SF,Otto Porter Jr. (26728400),Otto Porter Jr.,26728400,SF/F/UTIL,3000,NOP@TOR 02/23/2023 07:30PM ET,TOR,12.84
,,,,,,,,,,,,,PF/C,Jaxson Hayes (26728559),Jaxson Hayes,26728559,PF/C/F/UTIL,3000,NOP@TOR 02/23/2023 07:30PM ET,NOP,10.93
,,,,,,,,,,,,,PG/SF,Garrett Temple (26728563),Garrett Temple,26728563,PG/SF/F/G/UTIL,3000,NOP@TOR 02/23/2023 07:30PM ET,NOP,5.21
,,,,,,,,,,,,,PG/SG,Kira Lewis Jr. (26728568),Kira Lewis Jr.,26728568,PG/SG/G/UTIL,3000,NOP@TOR 02/23/2023 07:30PM ET,NOP,10.25
,,,,,,,,,,,,,PF,E.J. Liddell (26728572),E.J. Liddell,26728572,PF/F/UTIL,3000,NOP@TOR 02/23/2023 07:30PM ET,NOP,0
,,,,,,,,,,,,,C,JaVale McGee (26728262),JaVale McGee,26728262,C/UTIL,3000,SAS@DAL 02/23/2023 08:30PM ET,DAL,8.7
,,,,,,,,,,,,,C,Markieff Morris (26728264),Markieff Morris,26728264,C/UTIL,3000,SAS@DAL 02/23/2023 08:30PM ET,DAL,8.81
,,,,,,,,,,,,,PG/SG,Frank Ntilikina (26728266),Frank Ntilikina,26728266,PG/SG/G/UTIL,3000,SAS@DAL 02/23/2023 08:30PM ET,DAL,6.28
,,,,,,,,,,,,,SG/SF,Justin Holiday (26728270),Justin Holiday,26728270,SG/SF/F/G/UTIL,3000,SAS@DAL 02/23/2023 08:30PM ET,DAL,8.26
,,,,,,,,,,,,,SG,AJ Lawson (26728275),AJ Lawson,26728275,SG/G/UTIL,3000,SAS@DAL 02/23/2023 08:30PM ET,DAL,4.08
,,,,,,,,,,,,,SF,Theo Pinson (26728278),Theo Pinson,26728278,SF/F/UTIL,3000,SAS@DAL 02/23/2023 08:30PM ET,DAL,5.1
,,,,,,,,,,,,,PG,McKinley Wright IV (26728281),McKinley Wright IV,26728281,PG/G/UTIL,3000,SAS@DAL 02/23/2023 08:30PM ET,DAL,8.05
,,,,,,,,,,,,,PF,Davis Bertans (26728284),Davis Bertans,26728284,PF/F/UTIL,3000,SAS@DAL 02/23/2023 08:30PM ET,DAL,6.85
,,,,,,,,,,,,,PF/C,Maxi Kleber (26728287),Maxi Kleber,26728287,PF/C/F/UTIL,3000,SAS@DAL 02/23/2023 08:30PM ET,DAL,14.98
,,,,,,,,,,,,,SF/PF,Dominick Barlow (26728449),Dominick Barlow,26728449,SF/PF/F/UTIL,3000,SAS@DAL 02/23/2023 08:30PM ET,SAS,7.92
,,,,,,,,,,,,,C,Gorgui Dieng (26728453),Gorgui Dieng,26728453,C/UTIL,3000,SAS@DAL 02/23/2023 08:30PM ET,SAS,9.96
,,,,,,,,,,,,,SG/SF,Julian Champagnie (26728455),Julian Champagnie,26728455,SG/SF/F/G/UTIL,3000,SAS@DAL 02/23/2023 08:30PM ET,SAS,1
,,,,,,,,,,,,,PG/SG,Blake Wesley (26728460),Blake Wesley,26728460,PG/SG/G/UTIL,3000,SAS@DAL 02/23/2023 08:30PM ET,SAS,8.23
,,,,,,,,,,,,,PF/C,Isaiah Roby (26728464),Isaiah Roby,26728464,PF/C/F/UTIL,3000,SAS@DAL 02/23/2023 08:30PM ET,SAS,9.66
,,,,,,,,,,,,,C,Khem Birch (26728468),Khem Birch,26728468,C/UTIL,3000,SAS@DAL 02/23/2023 08:30PM ET,SAS,5.06
,,,,,,,,,,,,,PF/C,James Johnson (26728237),James Johnson,26728237,PF/C/F/UTIL,3000,BOS@IND 02/23/2023 07:00PM ET,IND,6.12
,,,,,,,,,,,,,PG/SG,George Hill (26728241),George Hill,26728241,PG/SG/G/UTIL,3000,BOS@IND 02/23/2023 07:00PM ET,IND,12.12
,,,,,,,,,,,,,PG,Trevelin Queen (26728245),Trevelin Queen,26728245,PG/G/UTIL,3000,BOS@IND 02/23/2023 07:00PM ET,IND,8.96
,,,,,,,,,,,,,PF,Oshae Brissett (26728248),Oshae Brissett,26728248,PF/F/UTIL,3000,BOS@IND 02/23/2023 07:00PM ET,IND,12.22
,,,,,,,,,,,,,SF,Kendall Brown (26728251),Kendall Brown,26728251,SF/F/UTIL,3000,BOS@IND 02/23/2023 07:00PM ET,IND,4.67
,,,,,,,,,,,,,PF/C,Jalen Smith (26728254),Jalen Smith,26728254,PF/C/F/UTIL,3000,BOS@IND 02/23/2023 07:00PM ET,IND,19.69
,,,,,,,,,,,,,SF/PF,Jordan Nwora (26728258),Jordan Nwora,26728258,SF/PF/F/UTIL,3000,BOS@IND 02/23/2023 07:00PM ET,IND,12.33
,,,,,,,,,,,,,PF/C,Luke Kornet (26728436),Luke Kornet,26728436,PF/C/F/UTIL,3000,BOS@IND 02/23/2023 07:00PM ET,BOS,10.45
,,,,,,,,,,,,,PG,JD Davison (26728440),JD Davison,26728440,PG/G/UTIL,3000,BOS@IND 02/23/2023 07:00PM ET,BOS,1.58
,,,,,,,,,,,,,SF,Danilo Gallinari (26728443),Danilo Gallinari,26728443,SF/F/UTIL,3000,BOS@IND 02/23/2023 07:00PM ET,BOS,0
,,,,,,,,,,,,,PF,Mfiondu Kabengele (26728446),Mfiondu Kabengele,26728446,PF/F/UTIL,3000,BOS@IND 02/23/2023 07:00PM ET,BOS,3.88
,,,,,,,,,,,,,C,Olivier Sarr (26728180),Olivier Sarr,26728180,C/UTIL,3000,OKC@UTA 02/23/2023 09:00PM ET,OKC,0
,,,,,,,,,,,,,PF,Juan Toscano-Anderson (26728291),Juan Toscano-Anderson,26728291,PF/F/UTIL,3000,OKC@UTA 02/23/2023 09:00PM ET,UTA,7.91
,,,,,,,,,,,,,C,Damian Jones (26728294),Damian Jones,26728294,C/UTIL,3000,OKC@UTA 02/23/2023 09:00PM ET,UTA,7.4
,,,,,,,,,,,,,SG,Johnny Juzang (26728296),Johnny Juzang,26728296,SG/G/UTIL,3000,OKC@UTA 02/23/2023 09:00PM ET,UTA,0
,,,,,,,,,,,,,C,Udoka Azubuike (26728299),Udoka Azubuike,26728299,C/UTIL,3000,OKC@UTA 02/23/2023 09:00PM ET,UTA,5.35
,,,,,,,,,,,,,PF,Rudy Gay (26728301),Rudy Gay,26728301,PF/F/UTIL,3000,OKC@UTA 02/23/2023 09:00PM ET,UTA,11.2
,,,,,,,,,,,,,C,Micah Potter (26728304),Micah Potter,26728304,C/UTIL,3000,OKC@UTA 02/23/2023 09:00PM ET,UTA,3.58
,,,,,,,,,,,,,SG,Lindy Waters III (26728470),Lindy Waters III,26728470,SG/G/UTIL,3000,OKC@UTA 02/23/2023 09:00PM ET,OKC,8.77
,,,,,,,,,,,,,PG/SG,Tre Mann (26728473),Tre Mann,26728473,PG/SG/G/UTIL,3000,OKC@UTA 02/23/2023 09:00PM ET,OKC,15
,,,,,,,,,,,,,SF/PF,Ousmane Dieng (26728477),Ousmane Dieng,26728477,SF/PF/F/UTIL,3000,OKC@UTA 02/23/2023 09:00PM ET,OKC,10.62
,,,,,,,,,,,,,PF/C,Eugene Omoruyi (26728481),Eugene Omoruyi,26728481,PF/C/F/UTIL,3000,OKC@UTA 02/23/2023 09:00PM ET,OKC,9.5
,,,,,,,,,,,,,C,Chet Holmgren (26728485),Chet Holmgren,26728485,C/UTIL,3000,OKC@UTA 02/23/2023 09:00PM ET,OKC,0
,,,,,,,,,,,,,C,Paul Reed (26728185),Paul Reed,26728185,C/UTIL,3000,MEM@PHI 02/23/2023 07:30PM ET,PHI,9.97
,,,,,,,,,,,,,SF,Danuel House Jr. (26728348),Danuel House Jr.,26728348,SF/F/UTIL,3000,MEM@PHI 02/23/2023 07:30PM ET,PHI,8.51
,,,,,,,,,,,,,PG/SG,Shake Milton (26728351),Shake Milton,26728351,PG/SG/G/UTIL,3000,MEM@PHI 02/23/2023 07:30PM ET,PHI,17.9
,,,,,,,,,,,,,PF,Louis King (26728355),Louis King,26728355,PF/F/UTIL,3000,MEM@PHI 02/23/2023 07:30PM ET,PHI,0
,,,,,,,,,,,,,C,Dewayne Dedmon (26728358),Dewayne Dedmon,26728358,C/UTIL,3000,MEM@PHI 02/23/2023 07:30PM ET,PHI,12.31
,,,,,,,,,,,,,PF,P.J. Tucker (26728360),P.J. Tucker,26728360,PF/F/UTIL,3000,MEM@PHI 02/23/2023 07:30PM ET,PHI,10.9
,,,,,,,,,,,,,PG,Mac McClung (26728363),Mac McClung,26728363,PG/G/UTIL,3000,MEM@PHI 02/23/2023 07:30PM ET,PHI,0
,,,,,,,,,,,,,SG,Jaden Springer (26728366),Jaden Springer,26728366,SG/G/UTIL,3000,MEM@PHI 02/23/2023 07:30PM ET,PHI,4.96
,,,,,,,,,,,,,SG,Furkan Korkmaz (26728369),Furkan Korkmaz,26728369,SG/G/UTIL,3000,MEM@PHI 02/23/2023 07:30PM ET,PHI,6.99
,,,,,,,,,,,,,SG/SF,Luke Kennard (26728531),Luke Kennard,26728531,SG/SF/F/G/UTIL,3000,MEM@PHI 02/23/2023 07:30PM ET,MEM,13.96
,,,,,,,,,,,,,PF/C,Kenneth Lofton Jr. (26728536),Kenneth Lofton Jr.,26728536,PF/C/F/UTIL,3000,MEM@PHI 02/23/2023 07:30PM ET,MEM,3.53
,,,,,,,,,,,,,PG,Kennedy Chandler (26728540),Kennedy Chandler,26728540,PG/G/UTIL,3000,MEM@PHI 02/23/2023 07:30PM ET,MEM,7.85
,,,,,,,,,,,,,SG/SF,David Roddy (26728543),David Roddy,26728543,SG/SF/F/G/UTIL,3000,MEM@PHI 02/23/2023 07:30PM ET,MEM,12.12
,,,,,,,,,,,,,SG,Vince Williams Jr. (26728548),Vince Williams Jr.,26728548,SG/G/UTIL,3000,MEM@PHI 02/23/2023 07:30PM ET,MEM,3.36
,,,,,,,,,,,,,PF,Jake LaRavia (26728551),Jake LaRavia,26728551,PF/F/UTIL,3000,MEM@PHI 02/23/2023 07:30PM ET,MEM,7.82
,,,,,,,,,,,,,SG/SF,Ziaire Williams (26728554),Ziaire Williams,26728554,SG/SF/F/G/UTIL,3000,MEM@PHI 02/23/2023 07:30PM ET,MEM,11.38
,,,,,,,,,,,,,PF/C,Wenyen Gabriel (26728187),Wenyen Gabriel,26728187,PF/C/F/UTIL,3000,GSW@LAL 02/23/2023 10:00PM ET,LAL,13.39
,,,,,,,,,,,,,SG,Max Christie (26728191),Max Christie,26728191,SG/G/UTIL,3000,GSW@LAL 02/23/2023 10:00PM ET,LAL,8.1
,,,,,,,,,,,,,PF,Cole Swider (26728194),Cole Swider,26728194,PF/F/UTIL,3000,GSW@LAL 02/23/2023 10:00PM ET,LAL,4.21
,,,,,,,,,,,,,SG/SF,Davon Reed (26728197),Davon Reed,26728197,SG/SF/F/G/UTIL,3000,GSW@LAL 02/23/2023 10:00PM ET,LAL,5.94
,,,,,,,,,,,,,PG,Scotty Pippen Jr. (26728202),Scotty Pippen Jr.,26728202,PG/G/UTIL,3000,GSW@LAL 02/23/2023 10:00PM ET,LAL,4.58
,,,,,,,,,,,,,SG,Moses Moody (26728403),Moses Moody,26728403,SG/G/UTIL,3000,GSW@LAL 02/23/2023 10:00PM ET,GSW,9.37
,,,,,,,,,,,,,PF,Anthony Lamb (26728406),Anthony Lamb,26728406,PF/F/UTIL,3000,GSW@LAL 02/23/2023 10:00PM ET,GSW,15.52
,,,,,,,,,,,,,PF,Patrick Baldwin Jr. (26728409),Patrick Baldwin Jr.,26728409,PF/F/UTIL,3000,GSW@LAL 02/23/2023 10:00PM ET,GSW,8.27
,,,,,,,,,,,,,SF,Andre Iguodala (26728412),Andre Iguodala,26728412,SF/F/UTIL,3000,GSW@LAL 02/23/2023 10:00PM ET,GSW,8.42
,,,,,,,,,,,,,PG,Gary Payton II (26728415),Gary Payton II,26728415,PG/G/UTIL,3000,GSW@LAL 02/23/2023 10:00PM ET,GSW,11.68
,,,,,,,,,,,,,PG,Ryan Rollins (26728418),Ryan Rollins,26728418,PG/G/UTIL,3000,GSW@LAL 02/23/2023 10:00PM ET,GSW,3.71
,,,,,,,,,,,,,C,Richaun Holmes (26728306),Richaun Holmes,26728306,C/UTIL,3000,POR@SAC 02/23/2023 10:00PM ET,SAC,6.98
,,,,,,,,,,,,,PG,Matthew Dellavedova (26728308),Matthew Dellavedova,26728308,PG/G/UTIL,3000,POR@SAC 02/23/2023 10:00PM ET,SAC,4.31
,,,,,,,,,,,,,C,Alex Len (26728311),Alex Len,26728311,C/UTIL,3000,POR@SAC 02/23/2023 10:00PM ET,SAC,2.86
,,,,,,,,,,,,,PG/SG,Keon Ellis (26728313),Keon Ellis,26728313,PG/SG/G/UTIL,3000,POR@SAC 02/23/2023 10:00PM ET,SAC,4.47
,,,,,,,,,,,,,SF/PF,Kessler Edwards (26728317),Kessler Edwards,26728317,SF/PF/F/UTIL,3000,POR@SAC 02/23/2023 10:00PM ET,SAC,3.12
,,,,,,,,,,,,,C,Neemias Queta (26728321),Neemias Queta,26728321,C/UTIL,3000,POR@SAC 02/23/2023 10:00PM ET,SAC,6.56
,,,,,,,,,,,,,C,Chimezie Metu (26728323),Chimezie Metu,26728323,C/UTIL,3000,POR@SAC 02/23/2023 10:00PM ET,SAC,10.78
,,,,,,,,,,,,,SF/PF,KZ Okpala (26728325),KZ Okpala,26728325,SF/PF/F/UTIL,3000,POR@SAC 02/23/2023 10:00PM ET,SAC,3.89
,,,,,,,,,,,,,PG,Ryan Arcidiacono (26728487),Ryan Arcidiacono,26728487,PG/G/UTIL,3000,POR@SAC 02/23/2023 10:00PM ET,POR,1.12
,,,,,,,,,,,,,PF/C,Jabari Walker (26728490),Jabari Walker,26728490,PF/C/F/UTIL,3000,POR@SAC 02/23/2023 10:00PM ET,POR,6.62
,,,,,,,,,,,,,C,John Butler (26728494),John Butler,26728494,C/UTIL,3000,POR@SAC 02/23/2023 10:00PM ET,POR,1.25
,,,,,,,,,,,,,SF/PF,Kevin Knox II (26728496),Kevin Knox II,26728496,SF/PF/F/UTIL,3000,POR@SAC 02/23/2023 10:00PM ET,POR,10.45
,,,,,,,,,,,,,SG/SF,Keon Johnson (26728500),Keon Johnson,26728500,SG/SF/F/G/UTIL,3000,POR@SAC 02/23/2023 10:00PM ET,POR,7.98
,,,,,,,,,,,,,C,Ibou Badji (26728505),Ibou Badji,26728505,C/UTIL,3000,POR@SAC 02/23/2023 10:00PM ET,POR,0
,,,,,,,,,,,,,SF,Justise Winslow (26728507),Justise Winslow,26728507,SF/F/UTIL,3000,POR@SAC 02/23/2023 10:00PM ET,POR,20.46
