id,last_name,first_name,value,team,position,opponent,minutes,points,threes,rebounds,assists,steals,blocks,turnovers,twos,free throws,free_throws_missed,field goals,field_goals_missed,double doubles,triple doubles,injury
5658,Doncic,Luka,65.61,DAL,PG/SG,CHI,35,35.87,3.5,10.02,8.4,1.24,0.52,4.37,8.81,7.75,2.74,12.31,13,0.58,0.22,Probable
3640,Davis,Anthony,55.89,LAL,PF/C,PHO,37,27.44,0.34,14.39,2.71,1.11,2,2.55,9.64,7.14,1.76,9.98,7.99,0.84,0.008,Questionable
6117,Morant,Ja,51.18,MEM,PG,@ MIL,35,28.12,1.64,6.79,7.91,1.16,0.27,3.08,8.54,6.12,2.08,10.18,12.05,0.31,0.034,Off Injury Report
5433,Sabonis,Domantas,50.38,SAC,PF/C,GSW,37,19.24,0.28,12.54,8.08,0.95,0.41,3.05,7.06,4.28,1.47,7.34,5.06,0.76,0.289,Questionable
5450,Tatum,Jayson,49.35,BOS,SF/PF,TOR,30,28.65,3.28,8.28,4.55,0.82,0.56,2.95,5.82,7.17,1.25,9.1,10.09,0.38,0.011,Off Injury Report
5664,Young,Trae,48.56,ATL,PG,PHI,34,26.88,2.09,3.04,10.48,1.12,0.07,4.34,5.99,8.63,1.11,8.08,10.81,0.58,0.012,
2011,James,LeBron,47.63,LAL,PG/SF/PF,PHO,36,24.5,1.73,8.33,6.75,0.76,0.55,3.18,7.37,4.57,1.41,9.1,9.61,0.38,0.042,Questionable
2999,Curry,Stephen,47.28,GSW,PG,@ SAC,36,28.28,4.55,5.58,5.79,0.92,0.34,3.15,5.02,4.59,0.43,9.57,10.1,0.07,0.005,
5042,Portis,Bobby,46.21,MIL,PF/C,MEM,32,22.68,2.53,13.69,1.89,0.66,0.33,1.73,6.13,2.83,0.89,8.66,9.3,0.8,0,
5360,Ingram,Brandon,44.99,NOR,SF/PF,NYK,38,27.33,1.45,6.11,5.72,0.66,0.51,3.63,8.77,5.44,0.78,10.22,11.46,0.11,0.008,
6281,Sengun,Alperen,44.15,HOU,C,@ CHA,35,17.54,0.37,11.54,5.38,1.12,1.15,3.35,6.84,2.75,1.23,7.21,5.84,0.62,0.044,
5452,Fox,De'Aaron,43.66,SAC,PG,GSW,35,25.89,1.71,3.99,6.52,1.35,0.25,2.44,7.46,5.84,1.75,9.17,9.03,0.11,0.002,Questionable
3723,McCollum,C.J.,43.37,NOR,PG/SG,NYK,38,23.97,3.16,4.68,6.6,0.89,0.63,2.28,5.83,2.83,0.75,8.99,11.65,0.11,0.003,
5717,Bridges,Mikal,43.11,BKN,SG/SF,ORL,38,29.54,2.9,4.18,2.87,1.01,0.73,1.87,6.94,6.96,0.82,9.84,10.64,0.03,0,
5356,VanVleet,Fred,41.6,TOR,PG/SG,@ BOS,36,20.2,3.19,4.21,6.95,1.83,0.67,2.11,3.61,3.41,0.37,6.8,10.75,0.11,0.003,
6113,Porter,Kevin,40.78,HOU,PG/SG,@ CHA,37,19.86,2.91,6.04,6.58,1.4,0.35,3.31,4.15,2.83,0.9,7.06,8.88,0.11,0.012,
5301,Murray,Dejounte,40.14,ATL,PG/SG,PHI,36,21.08,1.72,5.11,6.22,1.41,0.27,2.14,6.75,2.42,0.52,8.47,9.54,0.11,0.008,
3914,Dinwiddie,Spencer,40.07,BKN,PG/SG,ORL,36,19.1,1.95,3.7,8.89,0.88,0.37,2.12,4.38,4.49,1.09,6.33,7.93,0.38,0.008,
5698,Jackson Jr.,Jaren,39.89,MEM,PF/C,@ MIL,33,19.94,1.77,7.6,1.12,1.18,2.97,1.77,5.37,3.89,1.01,7.14,7.95,0.31,0,
5354,Siakam,Pascal,39.54,TOR,PF/C,@ BOS,37,20.04,1.2,7.37,5.2,0.77,0.49,2.33,6.67,3.1,0.91,7.87,8.21,0.31,0.022,
6164,Bane,Desmond,39.29,MEM,SG,@ MIL,35,22.38,2.92,5.5,4.29,1.17,0.4,2.22,5.24,3.14,0.4,8.16,9.87,0.07,0.002,
3404,Vucevic,Nikola,38.35,CHI,C,@ DAL,35,16.64,1.06,11.15,3.06,0.72,0.52,1.51,5.96,1.54,0.35,7.02,6.16,0.59,0.012,Off Injury Report
6511,Williams,Mark,37.88,CHA,C,HOU,30,18.27,0,10.25,0.62,1.08,1.77,1.38,7.6,3.07,1.42,7.6,4.1,0.57,0,Probable
6280,Green,Jalen,37.6,HOU,SG,@ CHA,36,25.22,2.73,3.75,3.75,0.75,0.25,2.66,5.91,5.21,1.43,8.64,11.19,0.02,0,
6190,Nwora,Jordan,37.03,IND,SF,DET,34,20.23,2.83,7.14,3.11,0.67,0.49,2.01,4.53,2.68,0.77,7.36,8.91,0.31,0.006,
3399,Thompson,Klay,36.76,GSW,SG/SF,@ SAC,35,24.64,5.02,4.11,2.19,0.75,0.33,2.04,3.95,1.68,0.21,8.97,10.35,0.03,0,Off Injury Report
6505,Mathurin,Bennedict,36.46,IND,SG/SF,DET,36,25.08,1.5,5.39,1.82,0.84,0.25,2.25,6.64,7.3,1.41,8.14,9.11,0.07,0,
6185,Quickley,Immanuel,36.45,NYK,PG,@ NOR,37,21.54,2.9,4.51,4.01,1.05,0.2,1.48,4.48,3.88,0.93,7.38,8.42,0.03,0.001,
6501,Ivey,Jaden,36.25,DET,PG/SG,@ IND,33,19.41,2.18,4.25,6.69,0.86,0.26,4.03,4.17,4.53,1.53,6.35,8.94,0.11,0.003,
6507,Duren,Jalen,35.4,DET,C,@ IND,30,13.97,0,12.01,1.6,0.79,1.21,1.78,5.76,2.45,1.29,5.76,2.64,0.61,0,
6519,Hardy,Jaden,35.14,DAL,SG,CHI,30,20.9,3.32,4.46,3.74,0.92,0.36,2.42,3.94,3.06,0.68,7.26,9.75,0.03,0.001,
5973,Claxton,Nicolas,34.95,BKN,PF/C,ORL,31,12.54,0,9.6,2.27,0.96,2.56,1.21,5.12,2.3,1.74,5.12,2.28,0.37,0.004,
3402,Valanciunas,Jonas,34.83,NOR,C,NYK,30,15.29,0.28,11.44,2.26,0.23,0.76,2.27,5.91,2.63,0.56,6.19,5,0.57,0.006,
5040,Payne,Cam,34.39,PHO,PG,@ LAL,30,18.12,2.46,3.3,6.29,0.98,0.26,2.34,4.64,1.46,0.41,7.1,10.25,0.11,0.002,
5048,Russell,D'Angelo,33.46,LAL,PG/SG,PHO,35,18.09,2.99,3.24,5.68,0.87,0.34,2.44,3.11,2.9,0.54,6.1,7.54,0.07,0.001,Probable
3487,Green,Draymond,33.31,GSW,PF/C,@ SAC,35,9.83,0.6,7.47,7.34,1.2,0.8,3.07,3.49,1.05,0.44,4.09,3.44,0.15,0.047,
6146,Wiseman,James,33.09,DET,C,@ IND,28,16.55,0.21,10.1,0.89,0.23,1.06,1.79,6.87,2.18,1.02,7.08,4.96,0.53,0,
6153,Hayes,Killian,32.97,DET,PG,@ IND,34,13.11,1.19,3.07,7.9,2.01,0.4,3.25,3.88,1.78,0.45,5.07,8.64,0.25,0.005,
6532,Nembhard,Andrew,32.83,IND,PG/SG,DET,34,15.68,1.72,2.91,7.03,1.19,0.24,2.34,4.67,1.18,0.37,6.39,7.61,0.27,0.003,
6499,Smith Jr,Jabari,32.63,HOU,PF/C,@ CHA,35,15.27,1.45,8.45,1.89,0.64,1.07,1.35,4.08,2.76,0.82,5.53,7.19,0.33,0,
5456,Smith Jr.,Dennis,32.44,CHA,PG,HOU,30,15.63,0.75,3.24,5.77,1.67,0.56,1.65,5.18,3.02,1.12,5.93,7.69,0.06,0.001,Questionable
6290,Murphy,Trey,32.16,NOR,SG/SF,NYK,39,18.03,3.26,4.28,2.12,1.36,0.83,0.91,2.63,2.99,0.34,5.89,6.85,0.03,0,
6125,Johnson,Cam,32.15,BKN,SF/PF,ORL,33,18.23,2.89,5.05,2.27,1.23,0.37,1.1,3.2,3.16,0.58,6.09,6.42,0.07,0.001,
6193,Reed,Paul,32.13,PHI,PF,@ ATL,25,11.86,0,9.69,0.93,1.66,1.9,1.67,5.19,1.48,0.64,5.19,3.21,0.32,0,
6500,Banchero,Paolo,31.79,ORL,SF/PF,@ BKN,32,19.24,1.12,5.53,2.8,0.58,0.42,2.45,5.34,5.2,1.91,6.46,9.38,0.07,0.001,Questionable
3908,Capela,Clint,31.77,ATL,C,PHI,27,11.71,0,11.29,1.19,0.72,1.25,0.83,5.23,1.25,0.79,5.23,2.57,0.42,0,
6057,Barrett,R.J.,31.31,NYK,SG/SF,@ NOR,33,21.08,1.8,4.48,2.44,0.32,0.19,2,5.8,4.08,1.46,7.6,9.75,0.03,0,Questionable
5475,White,Derrick,31.04,BOS,PG/SG,TOR,31,14.83,2.23,4.12,5.05,0.63,0.86,1.41,2.98,2.18,0.29,5.21,5.64,0.06,0.002,Questionable
5695,Mykhailiuk,Svi,30.72,CHA,SG,HOU,32,18.21,3.11,3.24,3.14,1.11,0.3,1.31,3.3,2.28,0.87,6.41,9.32,0.02,0,
3678,Zeller,Cody,30.69,MIA,C,@ WAS,28,14.42,0.02,9.24,1.6,0.69,0.56,1.62,5.53,3.3,1.3,5.55,4.46,0.41,0,
6285,Barnes,Scottie,30.57,TOR,SF/PF,@ BOS,36,13.79,0.76,5.27,4.56,1.15,0.75,1.84,4.71,2.09,0.58,5.47,6.86,0.06,0.002,
5714,Milton,Shake,30.4,PHI,PG,@ ATL,30,16.22,1.69,3.87,5.09,0.51,0.34,1.87,4.18,2.79,0.49,5.87,7.11,0.06,0.001,
5721,Bagley III,Marvin,30.24,DET,PF/C,@ IND,26,14.88,0.49,8.45,1.13,0.55,0.92,1.12,5.55,2.31,0.95,6.04,5.09,0.32,0,Playing
5699,Carter,Jevon,30.24,MIL,PG,MEM,32,15.16,3.54,4.28,3.53,1.11,0.49,1.16,1.96,0.62,0.15,5.5,7.8,0.03,0.001,
3949,Smart,Marcus,30.14,BOS,PG/SG,TOR,33,12.53,2.08,3.33,6.28,1.69,0.47,2.92,2.24,1.81,0.61,4.32,6.18,0.08,0.002,Questionable
5469,Anunoby,O.G.,30.14,TOR,SF,@ BOS,36,15.98,2.56,5.39,1.7,1.57,0.68,2,3.31,1.68,0.35,5.87,6.68,0.06,0,
6508,Davis,Johnny,30.1,WAS,SG,MIA,34,15.36,1.7,5.86,2.15,1.18,0.92,1.91,4.16,1.94,0.94,5.86,7.98,0.06,0.001,
5058,Wright,Delon,29.98,WAS,PG/SG/PF,MIA,32,10.41,1.17,5.02,5.42,2.22,0.43,1.58,2.76,1.38,0.21,3.93,4.05,0.04,0.003,Starting
5936,Poole,Jordan,29.82,GSW,PG/SG,@ SAC,28,18.45,2.43,2.48,4.27,0.72,0.21,2.51,3.53,4.1,0.58,5.96,7.54,0.03,0,
6284,Wagner,Franz,29.81,ORL,SG/SF/PF,@ BKN,32,18.47,1.92,3.79,2.98,0.87,0.16,1.84,4.92,2.87,0.59,6.84,7.98,0.02,0,Questionable
3367,Harris,Tobias,29.66,PHI,SF/PF,@ ATL,28,16,1.91,5.53,2.25,0.81,0.62,1.07,4.26,1.75,0.24,6.17,5.7,0.06,0.001,Questionable
5976,White,Coby,29.32,CHI,PG,@ DAL,32,15.35,2.54,3.74,4.47,0.89,0.06,1.25,3.19,1.35,0.15,5.73,7.26,0.03,0.001,
6305,Jackson,Isaiah,29.26,IND,PF/C,DET,25,11.84,0.09,7.35,1.06,0.69,2.7,0.96,4.62,2.33,1.29,4.71,3.34,0.2,0,
6076,Strus,Max,29.1,MIA,SG,@ WAS,32,17.58,4.08,3.85,2.63,0.44,0.13,0.89,2.02,1.3,0.15,6.1,8.52,0.02,0,Questionable
3353,Biyombo,Bismack,28.99,PHO,C,@ LAL,28,8.26,0,9.53,1.77,0.62,2.67,1.4,3.82,0.62,1.07,3.82,2.48,0.19,0,
5448,Fultz,Markelle,28.68,ORL,PG,@ BKN,31,14.7,0.45,3.59,4.56,1.33,0.37,2.02,5.58,2.19,0.51,6.03,6.31,0.03,0.001,Questionable
6514,Eason,Tari,28.27,HOU,SF,@ CHA,28,11.87,0.86,7.97,1.39,1.42,0.79,1.59,3.79,1.71,0.65,4.65,5.48,0.2,0,
5476,Hart,Josh,27.85,NYK,SG/SF,@ NOR,29,12.61,1.23,6.23,3.17,1,0.28,1.21,3.5,1.92,0.64,4.73,4.05,0.08,0.002,
5355,Poeltl,Jakob,27.64,TOR,C,@ BOS,25,10.42,0,8.3,2.34,0.8,1.09,1.57,4.61,1.2,0.77,4.61,2.49,0.22,0.002,
6127,Martin,Caleb,27.62,MIA,SG/SF,@ WAS,31,14.18,1.72,5.79,1.79,0.98,0.58,1.1,3.46,2.1,0.47,5.18,5.81,0.06,0,
6115,Bitadze,Goga,27.54,ORL,C,@ BKN,30,11.17,0.46,7.2,2.03,0.79,1.44,1.34,3.95,1.89,0.98,4.41,3.73,0.2,0.002,
6322,Grimes,Quentin,27.01,NYK,SG,@ NOR,38,14.39,2.89,4.28,2.45,0.85,0.48,1.1,2.22,1.28,0.36,5.11,6.39,0.03,0,
5981,McDaniels,Jalen,26.73,PHI,PF,@ ATL,28,13.46,1.11,5.73,1.57,1.32,0.55,1.25,4.06,2.01,0.45,5.17,5.64,0.06,0,
6161,Nesmith,Aaron,26.48,IND,SF,DET,32,13.85,2.04,5.23,1.85,0.89,0.54,1.29,2.57,2.59,0.49,4.61,6.18,0.06,0,
5028,Looney,Kevon,26.32,GSW,PF/C,@ SAC,25,8.01,0,10.06,2.04,0.72,0.62,0.68,3.5,1.01,0.68,3.5,1.6,0.22,0.002,
5713,Shamet,Landry,26.32,PHO,SG,@ LAL,28,16.01,3.29,2.32,2.81,0.81,0.27,1.25,2.13,1.88,0.3,5.42,8.87,0.01,0,
6296,Bouknight,James,25.95,CHA,SG,HOU,27,14.16,2.26,4.15,2.49,0.95,0.27,1.49,2.75,1.88,0.53,5.01,8,0.03,0,
6330,Reaves,Austin,25.94,LAL,SG,PHO,31,14.16,1.15,3.2,4.25,0.62,0.29,2.05,2.91,4.89,0.79,4.06,3.92,0.03,0.001,
5760,Nunn,Kendrick,25.91,WAS,SG,MIA,25,15.95,2.59,3,2.7,0.72,0.14,1.77,3.6,0.98,0.18,6.19,7.52,0.02,0,
6158,Williams,Patrick,25.79,CHI,SF/PF,@ DAL,30,14.76,1.95,4.31,1.15,0.95,0.78,1.12,3.76,1.39,0.29,5.71,5.96,0.03,0,
6207,Martin Jr.,Kenyon,25.78,HOU,SF,@ CHA,30,14.12,0.81,6.26,1.39,0.49,0.41,1.18,4.74,2.21,0.99,5.55,3.93,0.09,0,
2848,Love,Kevin,25.48,MIA,PF/C,@ WAS,23,10.67,2.14,7.48,2.38,0.32,0.27,1.28,1.29,1.67,0.21,3.43,5.61,0.18,0.002,Questionable
6301,Kispert,Corey,25.4,WAS,SF,MIA,34,16.73,3.39,3.51,1.2,0.46,0.14,0.88,2.68,1.2,0.19,6.07,5.61,0.02,0,
6148,Toppin,Obi,25.26,NYK,PF,@ NOR,30,14.26,2.49,4.44,1.8,0.65,0.38,1.18,2.81,1.17,0.37,5.3,6.94,0.03,0,
5364,Hield,Buddy,24.99,IND,SG/SF,DET,24,12.99,2.66,4.12,2.47,0.94,0.29,1.36,1.88,1.25,0.28,4.54,5.73,0.02,0,
5105,O'Neale,Royce,24.98,BKN,SF/PF,ORL,32,8.84,2.04,5.35,3.82,1.01,0.71,1.56,0.83,1.06,0.37,2.87,4.81,0.03,0.001,
5308,Brogdon,Malcolm,24.9,BOS,PG/SG,TOR,25,12.88,1.57,3.99,3.31,0.66,0.3,1.32,3.22,1.73,0.26,4.79,5.22,0.02,0,Questionable
6151,Hampton,R.J.,24.76,DET,PG,@ IND,30,13.16,1.93,3.43,2.34,1.42,0.43,1.77,2.37,2.63,0.75,4.3,5.77,0.02,0,
5701,Okogie,Josh,24.61,PHO,SG/SF,@ LAL,27,12.65,1.83,4.96,1.19,1.14,0.66,1.15,2.36,2.44,0.94,4.19,6.56,0.02,0,
5458,Monk,Malik,24.23,SAC,SG/SF,GSW,23,12.88,1.9,2.79,3.83,0.63,0.34,1.59,2.32,2.54,0.35,4.22,5.23,0.02,0,Questionable
5489,Hartenstein,Isaiah,24.09,NYK,PF/C,@ NOR,26,7.19,0.03,8.58,1.79,0.86,1.05,1.05,3.21,0.68,0.37,3.24,2.15,0.12,0,
6324,Jones,Herb,24.09,NOR,SF/PF,NYK,31,9.68,0.79,4.47,3.08,1.56,0.66,1.32,2.75,1.81,0.6,3.54,4.14,0.01,0,
2851,McGee,JaVale,24.02,DAL,C,CHI,20,10.7,0.08,7.47,0.7,0.28,1.58,2.2,4.64,1.18,0.7,4.72,2.72,0.18,0,Probable
6168,Tillman,Xavier,23.85,MEM,PF/C,@ MIL,27,8.39,0.04,6.75,2.59,1.24,0.52,0.93,3.64,0.99,0.7,3.68,3.02,0.04,0,Off Injury Report
6162,Anthony,Cole,23.78,ORL,PG,@ BKN,27,11.5,1.03,4.68,3.04,0.52,0.46,1.27,3.01,2.39,0.3,4.04,5.15,0.02,0,
3714,Oladipo,Victor,23.75,MIA,SG,@ WAS,25,11.6,1.7,3.4,3.19,1.37,0.25,2,2.49,1.52,0.45,4.19,6.46,0.01,0,
3464,Drummond,Andre,23.73,CHI,C,@ DAL,16,10.48,0,8.11,0.45,0.83,0.57,1.38,4.35,1.78,1.7,4.35,2.25,0.22,0,
6286,Springer,Jaden,23.45,PHI,PG,@ ATL,30,10.52,0.77,4.41,2.57,1.43,0.74,2.38,3.18,1.85,0.53,3.95,5.79,0.02,0,Questionable
6370,Goodwin,Jordan,23.4,WAS,SG,MIA,25,8.97,0.79,4.69,3.72,1.16,0.48,1.41,2.67,1.26,0.34,3.46,4.58,0.01,0,Off the Bench
5728,Landale,Jock,23.36,PHO,C,@ LAL,20,9.75,0.43,7.38,1.51,0.39,0.74,1.16,3.49,1.48,0.47,3.92,3.05,0.15,0,
6047,Hunter,De'Andre,23.3,ATL,SF/PF,PHI,32,14.45,1.33,3.64,1.51,0.59,0.4,1.27,4.14,2.18,0.47,5.47,6.01,0.02,0,Questionable
5442,Jones,Derrick,23.18,CHI,SF,@ DAL,30,11.96,1.1,4.75,1.08,0.78,0.95,0.75,3.09,2.48,0.93,4.19,4.2,0.02,0,
6149,Okongwu,Onyeka,23.07,ATL,C,PHI,19,9.55,0,6.66,1.03,0.58,1.41,0.82,3.56,2.43,0.63,3.56,1.84,0.05,0,
5491,Brooks,Dillon,23.02,MEM,SG/SF,@ MIL,33,11.92,1.88,3.5,2.61,0.99,0.25,1.26,2.48,1.32,0.34,4.36,7.52,0.01,0,
5662,Huerter,Kevin,22.84,SAC,SG,GSW,27,11.96,2.08,3.02,2.75,0.9,0.29,0.91,2.34,1.04,0.37,4.42,4.84,0.01,0,Questionable
6249,Yurtseven,Omer,22.84,MIA,C,@ WAS,20,9.23,0.18,8.04,1.02,0.53,0.57,1.08,3.85,0.99,0.55,4.03,3.74,0.19,0,
6502,Murray,Keegan,22.83,SAC,PF,GSW,31,10.86,2.53,5.14,1.37,0.73,0.48,0.51,1.38,0.51,0.17,3.91,4.93,0.04,0,Questionable
2730,Horford,Al,22.82,BOS,PF/C,TOR,26,7.92,1.88,5.44,3.14,0.46,0.89,0.56,1,0.28,0.09,2.88,3.76,0.02,0,Off Injury Report
5436,Korkmaz,Furkan,22.82,PHI,SG,@ ATL,30,12.48,2.14,3.67,2.48,0.63,0.34,2.01,2.03,2,0.72,4.17,6.28,0.02,0,
5977,Gafford,Daniel,22.81,WAS,PF/C,MIA,24,10.73,0,5.88,1.25,0.46,1.25,1.26,4.51,1.71,0.77,4.51,1.59,0.04,0,
3456,Crowder,Jae,22.74,MIL,SF/PF,MEM,24,9.03,1.99,5.32,2.24,1.01,0.49,0.7,1.07,0.92,0.25,3.06,5.07,0.03,0,
3435,Barnes,Harrison,22.73,SAC,SF/PF,GSW,33,14.32,1.36,3.9,1.34,0.48,0.12,0.76,2.92,4.4,0.74,4.28,5,0.02,0,
5898,Vincent,Gabe,22.55,MIA,PG,@ WAS,28,13.02,2.64,2.52,2.29,1.08,0.07,1.38,1.97,1.16,0.14,4.61,6.45,0.01,0,
3373,Joseph,Cory,22.49,DET,PG,@ IND,27,10.14,1.79,2.44,4.51,0.9,0.26,1.41,1.56,1.65,0.36,3.35,4.39,0.02,0,
3540,Leonard,Meyers,22.01,MIL,C,MEM,24,9.7,1.9,6.9,1.37,0.31,0.25,1.05,1.61,0.78,0.34,3.51,4.14,0.05,0,
6177,Maledon,Theo,21.97,CHA,PG,HOU,22,9.53,1.02,2.92,4.23,0.92,0.36,1.29,2.2,2.07,0.42,3.22,4.19,0.01,0,
5719,Trent,Gary,21.97,TOR,SG,@ BOS,27,13.64,2.05,2.32,1.23,1.18,0.22,0.51,2.91,1.67,0.28,4.96,7.04,0.01,0,
6294,Thor,J.T.,21.59,CHA,PF,HOU,33,9.88,1.27,5.17,1.18,0.9,0.84,1.37,2.5,1.07,0.58,3.77,4.49,0.03,0,
6520,Beauchamp,MarJon,21.35,MIL,SG,MEM,24,11.63,1.99,4.09,1.48,0.78,0.3,1.59,2.41,0.84,0.38,4.4,6.73,0.02,0,
5700,DiVincenzo,Donte,21.29,GSW,PG/SG,@ SAC,26,9.23,2.12,3.73,2.94,1.23,0.15,1.7,1.03,0.81,0.17,3.15,4,0.01,0,
5465,Collins,John,21.26,ATL,PF/C,PHI,25,10.89,0.83,4.83,1.15,0.45,0.81,0.71,3.32,1.76,0.49,4.15,3.73,0.02,0,
5389,Finney-Smith,Dorian,21.22,BKN,SF/PF,ORL,31,8.73,1.77,5.19,1.93,0.73,0.62,1.04,1.39,0.64,0.19,3.16,4.32,0.03,0,Playing
6295,Johnson,Jalen,21.18,ATL,SF,PHI,22,8,0.52,6.28,1.8,0.72,0.71,1.08,2.82,0.8,0.44,3.34,3.07,0.03,0,
5577,Craig,Torrey,21.07,PHO,SF/PF,@ LAL,25,7.87,1.38,6.02,1.63,0.62,0.87,0.98,1.69,0.35,0.17,3.07,4.14,0.03,0,
3904,Bogdanovic,Bogdan,20.97,ATL,SG/SF,PHI,23,11.25,2.13,2.54,2.53,0.75,0.35,1.05,1.83,1.2,0.25,3.96,4.93,0.01,0,Off Injury Report
3242,Ingles,Joe,20.65,MIL,SF,MEM,24,8.88,2.31,3.3,3.36,0.8,0.19,1.08,0.69,0.57,0.12,3,4.86,0.01,0,
6369,Huff,Jay,20.6,WAS,C,MIA,24,9.36,0.94,5.27,0.9,0.55,1.14,1.19,2.73,1.08,0.44,3.67,4.24,0.03,0,
6589,Rhoden,Jared,20.31,DET,SG,@ IND,23,9.63,1.05,5.16,1.21,0.9,0.31,1.16,2.41,1.66,0.49,3.46,5.36,0.03,0,
5668,Williams,Robert,20.09,BOS,PF/C,TOR,20,6.65,0,7.19,1.27,0.51,0.95,0.85,2.95,0.75,0.36,2.95,1.05,0.03,0,Off Injury Report
5274,Caruso,Alex,19.97,CHI,PG/SG,@ DAL,26,7.02,1.04,3.29,3.02,1.5,0.63,0.97,1.31,1.28,0.28,2.35,3.1,0.01,0,Questionable
6009,Williams,Grant,19.92,BOS,PF,TOR,28,8.06,1.47,5.36,2.02,0.44,0.57,1.34,1.15,1.35,0.4,2.62,3.69,0.03,0,
6212,Richards,Nick,19.57,CHA,C,HOU,18,9.23,0,5.71,0.52,0.21,1.21,0.93,3.37,2.49,0.85,3.37,1.83,0.03,0,
5681,Vanderbilt,Jarred,19.53,LAL,PF/C,PHO,22,5.95,0.31,6.73,1.92,1.07,0.25,1.03,1.98,1.06,0.47,2.29,2.17,0.01,0,
6274,Suggs,Jalen,19.52,ORL,PG/SG,@ BKN,24,9.79,1.19,2.48,2.43,1.03,0.45,1.15,2.21,1.8,0.67,3.4,5.06,0,0,
6297,Jones,Kai,19.4,CHA,PF,HOU,24,8.82,0.35,5.22,0.59,0.61,1.24,1.48,3.24,1.29,0.62,3.59,3.27,0.03,0,
5459,Kennard,Luke,19.36,MEM,SG,@ MIL,27,10.29,2.7,3.25,1.81,0.58,0.1,0.86,0.71,0.77,0.06,3.41,4.64,0.01,0,Off Injury Report
6289,Kuminga,Jonathan,19.13,GSW,SF/PF,@ SAC,20,11.38,0.91,2.94,1.53,0.61,0.34,1.16,3.74,1.17,0.69,4.65,3.6,0.01,0,
6159,Bey,Saddiq,18.96,ATL,SF/PF,PHI,22,10.33,1.61,3.87,1.22,0.59,0.16,0.72,2,1.5,0.27,3.61,4.78,0.01,0,
6658,Jackson,Quenton,18.94,WAS,SG,MIA,21,10.09,0.95,2.73,2.05,0.97,0.34,1.48,2.6,2.04,0.56,3.55,4.86,0.01,0,
3945,Powell,Dwight,18.69,DAL,C,CHI,22,7.91,0,5.05,1.49,0.97,0.43,1.21,3.23,1.45,0.68,3.23,0.87,0.02,0,
3581,Ross,Terrence,18.66,PHO,SG/SF,@ LAL,23,10.04,1.93,3.09,1.66,0.61,0.17,0.54,1.8,0.65,0.11,3.73,5.68,0.01,0,
6321,Dosunmu,Ayo,18.35,CHI,PG/SG,@ DAL,26,9.35,0.7,2.58,2.57,0.77,0.29,1.12,3.14,0.97,0.24,3.84,4,0,0,
3696,Bullock,Reggie,17.62,DAL,SG/SF,CHI,28,8.15,2.28,3.45,1.7,0.72,0.14,0.52,0.5,0.31,0.12,2.78,3.72,0.01,0,
5235,Niang,Georges,17.61,PHI,PF,@ ATL,20,10.58,2.55,2.7,0.97,0.43,0.19,0.65,1.14,0.65,0.12,3.69,4.86,0.01,0,
6016,Brissett,Oshae,17.55,IND,PF,DET,22,8.33,0.91,4.72,1.01,0.56,0.26,0.62,1.78,2.04,0.76,2.69,4.22,0.01,0,
3388,Morris,Markieff,17.42,DAL,PF,CHI,20,7.3,1.29,4.37,2.05,0.5,0.28,1.27,1.42,0.59,0.08,2.71,3.94,0.01,0,
5382,House,Danuel,16.87,PHI,SG/SF,@ ATL,24,8.23,1.39,3.43,1.45,0.48,0.47,0.86,1.51,1.04,0.4,2.9,3.37,0.01,0,
5046,Richardson,Josh,16.71,NOR,SG/SF,NYK,19,8.24,1.34,2.3,1.98,0.85,0.34,0.87,1.69,0.84,0.12,3.03,3.68,0,0,
5014,Harrell,Montrezl,16.52,PHI,PF/C,@ ATL,15,9.11,0,3.64,0.83,0.44,0.55,0.75,3.73,1.65,0.7,3.73,1.87,0.01,0,
6530,McGowens,Bryce,16.44,CHA,SG,HOU,24,8.99,1.02,3.02,1.55,0.52,0.21,1.26,1.98,1.97,0.68,3,4.31,0.01,0,
5036,Nance Jr.,Larry,16.28,NOR,PF/C,NYK,18,5.79,0.19,4.64,1.71,0.7,0.42,0.42,2.18,0.86,0.37,2.37,1.65,0,0,
6334,Sims,Jericho,16.19,NYK,PF,@ NOR,22,5.86,0,6.09,0.67,0.41,0.63,0.76,2.74,0.38,0.19,2.74,0.66,0.01,0,
3902,Antetokounmpo,Thanasis,15.89,MIL,SF,MEM,18,8.21,0.11,3.78,0.97,0.52,0.56,1.46,3.03,1.82,1.36,3.14,3.39,0.01,0,
6345,Hauser,Sam,15.83,BOS,SF,TOR,20,7.4,2.05,3.21,1.26,0.47,0.41,0.53,0.56,0.13,0.07,2.61,3.54,0.01,0,
5519,Gill,Anthony,15.74,WAS,PF,MIA,21,8.1,0.25,3.66,1.34,0.17,0.45,0.64,3.06,1.23,0.41,3.31,2.42,0.01,0,
3352,Bertans,Davis,15.73,DAL,PF,CHI,20,8.21,2.32,2.64,1.14,0.46,0.33,0.47,0.4,0.45,0.07,2.72,4.62,0,0,
6333,Champagnie,Justin,15.73,BOS,SF,TOR,17,7.1,0.77,4.49,0.67,0.52,0.47,0.74,1.94,0.91,0.21,2.71,3.23,0.01,0,
5025,Jones,Tyus,15.69,MEM,PG,@ MIL,17,6.2,0.98,2.03,3.49,0.69,0.07,0.59,1.42,0.42,0.09,2.4,3.26,0,0,
5801,Pinson,Theo,15.66,DAL,SG,CHI,20,4.92,1.1,3.84,3.09,0.47,0.15,0.97,0.42,0.78,0.08,1.52,3.09,0,0,
6227,Lamb,Anthony,15.65,GSW,SF,@ SAC,20,7.31,1.24,3.4,1.63,0.4,0.3,0.77,1.34,0.91,0.26,2.58,2.82,0.01,0,
3506,Holiday,Justin,15.6,DAL,SG/SF,CHI,25,7.11,1.72,2.1,1.78,0.62,0.76,0.86,0.8,0.35,0.12,2.52,4.18,0,0,
6068,Bazley,Darius,15.56,PHO,SF/PF,@ LAL,15,7.23,0.53,3.43,0.79,0.62,0.83,0.63,2.08,1.48,0.91,2.61,3.17,0.01,0,
2819,Dragic,Goran,15.14,MIL,PG,MEM,14,8.27,1.22,1.55,2.78,0.29,0.07,1.15,1.97,0.67,0.26,3.19,4.86,0,0,
3089,Matthews,Wesley,14.99,MIL,SF,MEM,24,6.43,1.38,3.51,1.17,0.56,0.43,0.52,0.73,0.83,0.14,2.11,3.61,0,0,
5752,Robinson,Duncan,14.81,MIA,SG/SF,@ WAS,19,9.01,2.43,1.84,1.25,0.34,0.04,0.71,0.53,0.66,0.08,2.96,3.88,0,0,
6563,Lofton Jr.,Kenny,14.77,MEM,PF,@ MIL,17,6.05,0.13,4.97,0.97,0.45,0.33,1.16,2.38,0.9,0.49,2.51,2.7,0,0,
5648,Boucher,Chris,14.57,TOR,PF/C,@ BOS,16,6.61,0.59,4.19,0.24,0.45,0.67,0.36,1.93,0.98,0.29,2.52,2.7,0,0,
5222,York,Gabe,14.42,IND,SG,DET,17,7.51,0.96,2.02,1.97,0.69,0.02,0.94,1.86,0.91,0.26,2.82,3.92,0,0,
3923,Harris,Gary,14.36,ORL,SG,@ BKN,25,8.12,2.14,1.55,0.97,0.79,0.19,0.37,0.61,0.48,0.05,2.75,3.59,0,0,Questionable
6032,Hachimura,Rui,14.35,LAL,SF/PF,PHO,20,7.54,0.58,3.74,0.59,0.32,0.31,0.62,2.38,1.04,0.35,2.96,3.08,0.01,0,
6307,Christopher,Josh,14.18,HOU,SG,@ CHA,17,7.84,0.48,1.59,1.63,0.78,0.36,1.22,2.72,0.96,0.32,3.2,3.48,0,0,
6163,Achiuwa,Precious,13.78,TOR,PF/C,@ BOS,15,6.27,0.39,4.36,0.57,0.37,0.34,0.83,2.1,0.9,0.43,2.49,2.45,0,0,
5899,Highsmith,Haywood,13.69,MIA,SF,@ WAS,19,5.66,1.02,3.63,0.85,0.68,0.4,0.9,1.15,0.3,0.37,2.17,2.94,0,0,
6210,Lee,Saben,13.65,PHO,PG,@ LAL,14,6.3,0.28,1.88,2.42,0.7,0.15,0.95,1.85,1.76,0.54,2.13,2.88,0,0,
6329,Sharpe,Day'Ron,13.3,BKN,C,ORL,10,6.02,0.07,4.09,0.44,0.3,0.55,0.47,2.51,0.79,0.5,2.58,1.76,0,0,
6583,Green,AJ,13.17,MIL,SG,MEM,16,7.24,1.51,1.98,1.63,0.37,0,0.97,1.01,0.69,0.09,2.52,4.18,0,0,
3029,Johnson,James,13.16,IND,PF,DET,16,4.67,0.33,3.07,1.81,0.38,0.65,0.58,1.6,0.48,0.35,1.93,2.28,0,0,
6601,Cain,Jamal,13.1,MIA,SF,@ WAS,15,6.49,0.59,3.51,0.52,0.55,0.2,0.71,1.98,0.76,0.27,2.57,3.28,0,0,
5853,Green,Javonte,12.88,CHI,SG/SF,@ DAL,15,6.12,0.43,2.87,0.63,0.71,0.45,0.62,1.86,1.11,0.55,2.29,1.88,0,0,
3674,Schroder,Dennis,12.55,LAL,PG,PHO,16,6.16,0.49,1.38,2.6,0.4,0.09,0.92,1.45,1.79,0.33,1.94,2.87,0,0,
6403,Wainright,Ish,12.25,PHO,PF,@ LAL,16,4.97,1.15,2.52,0.94,0.73,0.41,0.27,0.5,0.52,0.1,1.65,2.93,0,0,
5748,Gabriel,Wenyen,11.94,LAL,SF,PHO,14,5.05,0.15,3.87,0.47,0.36,0.43,0.62,1.9,0.8,0.57,2.05,1.35,0,0,
3720,Len,Alex,11.86,SAC,C,GSW,13,4.68,0.04,3.72,0.92,0.36,0.46,1.02,1.8,0.96,0.5,1.84,1.61,0,0,
5455,Ntilikina,Frank,11.73,DAL,PG,CHI,20,4.22,0.56,2.55,2.09,0.46,0.25,1.02,1.02,0.5,0.17,1.58,2.56,0,0,
6195,Marshall,Naji,11.67,NOR,SF,NYK,14,5.35,0.42,2.29,1.76,0.38,0.1,0.7,1.48,1.13,0.32,1.9,2.57,0,0,
6527,Roddy,David,11.49,MEM,PF,@ MIL,16,5.71,0.83,2.51,0.82,0.45,0.21,0.64,1.41,0.4,0.26,2.24,2.97,0,0,
6354,Taylor,Terry,11.39,CHI,SG,@ DAL,15,5.72,0.32,3.04,0.63,0.3,0.21,0.51,2.13,0.5,0.23,2.45,1.89,0,0,
5336,Payton II,Gary,11.18,GSW,PG,@ SAC,15,4.35,0.47,2.54,1,0.89,0.2,0.52,1.35,0.24,0.11,1.82,1.57,0,0,
5029,Lyles,Trey,11.02,SAC,PF,GSW,13,5.38,0.78,2.87,0.65,0.26,0.23,0.59,0.96,1.12,0.23,1.74,2.06,0,0,Questionable
6300,Mitchell,Davion,10.53,SAC,PG,GSW,16,4.55,0.78,1.06,2.24,0.45,0.14,0.56,0.95,0.31,0.05,1.73,2.35,0,0,Questionable
5249,Lee,Damion,10.44,PHO,SG/SF,@ LAL,14,5.43,0.83,2.2,1.04,0.28,0.07,0.83,1.04,0.86,0.09,1.87,2.69,0,0,
5427,Beasley,Malik,10.17,LAL,SG,PHO,14,5.61,1.3,1.75,0.81,0.39,0.05,0.74,0.74,0.23,0.07,2.04,3.36,0,0,
3475,Fournier,Evan,10.14,NYK,SG/SF,@ NOR,12,6.05,1.19,1.06,0.95,0.44,0.08,0.59,0.96,0.56,0.13,2.15,3.38,0,0,
6427,Jones,Carlik,9.74,CHI,PG,@ DAL,10,5.27,0.45,1.43,1.38,0.33,0,0.55,1.49,0.94,0.32,1.94,2.89,0,0,
6311,Edwards,Kessler,9.71,SAC,SF,GSW,12,4.56,0.87,2.24,0.55,0.39,0.25,0.39,0.78,0.39,0.09,1.65,2.23,0,0,
5725,Brown Jr,Troy,9.38,LAL,SF,PHO,15,3.62,0.78,2.42,0.91,0.43,0.14,0.33,0.52,0.24,0.04,1.3,1.92,0,0,
3436,Barton,Will,9.33,TOR,SG/SF,@ BOS,12,4.55,0.84,1.54,1.25,0.27,0.15,0.57,0.8,0.43,0.12,1.64,2.73,0,0,
6123,Okeke,Chuma,9.17,ORL,PF,@ BKN,15,3.4,0.67,2.43,0.77,0.42,0.3,0.39,0.43,0.53,0.12,1.1,1.9,0,0,
6503,Daniels,Dyson,9.08,NOR,PG,NYK,13,2.52,0.33,2.4,1.64,0.5,0.14,0.7,0.63,0.27,0.15,0.96,1.43,0,0,
6299,McBride,Miles,8.89,NYK,PG,@ NOR,13,4.3,0.71,0.83,1.36,0.54,0.17,0.52,0.73,0.71,0.3,1.44,2.42,0,0,
6287,Garuba,Usman,8.77,HOU,PF,@ CHA,10,2.13,0.29,3.49,0.68,0.37,0.28,0.38,0.52,0.22,0.12,0.81,0.96,0,0,
3672,Muscala,Mike,8.76,BOS,C,TOR,10,4.28,1.04,2,0.43,0.2,0.27,0.26,0.41,0.34,0.09,1.45,1.81,0,0,
6114,Bol,Bol,8.24,ORL,PF/C,@ BKN,10,4,0.24,2.22,0.43,0.15,0.38,0.72,1.33,0.62,0.2,1.57,1.59,0,0,
6332,Nix,Daishen,8.01,HOU,SG,@ CHA,12,2.8,0.41,1.77,1.71,0.36,0.08,1.3,0.65,0.27,0.16,1.06,1.82,0,0,
6039,Wigginton,Lindell,7.89,MIL,PG,MEM,8,4.06,0.47,1.32,0.99,0.27,0.11,0.61,0.93,0.79,0.39,1.4,2.23,0,0,
6357,McClung,Mac,7.58,PHI,SG,@ ATL,10,4.44,0.7,1.03,0.71,0.36,0.03,0.68,0.86,0.62,0.18,1.56,2.33,0,0,
3924,Harris,Joe,7.56,BKN,SG/SF,ORL,12,4.07,1.18,0.97,0.81,0.25,0.08,0.37,0.23,0.07,0.07,1.41,1.87,0,0,
3863,Curry,Seth,7.54,BKN,PG/SG,ORL,10,4.67,0.67,0.77,0.72,0.31,0.04,0.42,1.07,0.52,0.05,1.74,1.91,0,0,
6544,Houstan,Caleb,6.15,ORL,SF,@ BKN,14,2.59,0.59,1.74,0.5,0.2,0.08,0.44,0.33,0.16,0.04,0.92,1.67,0,0,
6587,Boeheim,Buddy,6,DET,SG,@ IND,9,3.35,0.49,0.57,0.79,0.36,0,0.43,0.82,0.24,0.06,1.31,2.06,0,0,
6222,Simonovic,Marko,5.94,CHI,C,@ DAL,5,3.48,0.29,1.19,0.25,0.15,0.15,0.3,0.95,0.71,0.21,1.24,1.61,0,0,
5804,Watanabe,Yuta,4.62,BKN,SF,ORL,7,2.05,0.37,0.91,0.42,0.23,0.12,0.16,0.32,0.3,0.11,0.69,0.85,0,0,
5679,Brunson,Jalen,0,NYK,PG/SG,@ NOR,0,0,0,0,0,0,0,0,0,0,0,0,0,0,0,Out
5675,Carter Jr.,Wendell,0,ORL,PF/C,@ BKN,0,0,0,0,0,0,0,0,0,0,0,0,0,0,0,Out
6363,Alvarado,Jose,0,NOR,PG,NYK,0,0,0,0,0,0,0,0,0,0,0,0,0,0,0,Injured
5669,Diallo,Hamidou,0,DET,SG/SF,@ IND,0,0,0,0,0,0,0,0,0,0,0,0,0,0,0,Out for season
3709,Hardaway Jr.,Tim,0,DAL,SG/SF,CHI,0,0,0,0,0,0,0,0,0,0,0,0,0,0,0,Out
5690,Holiday,Aaron,0,ATL,PG,PHI,0,0,0,0,0,0,0,0,0,0,0,0,0,0,0,
5706,Robinson,Mitchell,0,NYK,C,@ NOR,0,0,0,0,0,0,0,0,0,0,0,0,0,0,0,Out
5697,Wagner,Moritz,0,ORL,PF/C,@ BKN,0,0,0,0,0,0,0,0,0,0,0,0,0,0,0,Out
5509,Simmons,Kobi,0,CHA,PG,HOU,0,0,0,0,0,0,0,0,0,0,0,0,0,0,0,
5006,Connaughton,Pat,0,MIL,SG/SF,MEM,0,0,0,0,0,0,0,0,0,0,0,0,0,0,0,Out
2809,Augustin,D.J.,0,HOU,PG,@ CHA,0,0,0,0,0,0,0,0,0,0,0,0,0,0,0,
3357,Butler,Jimmy,0,MIA,SG/SF/PF,@ WAS,0,0,0,0,0,0,0,0,0,0,0,0,0,0,0,Out
3716,Carter-Williams,Michael,0,ORL,PG,@ BKN,0,0,0,0,0,0,0,0,0,0,0,0,0,0,0,
5449,Ball,Lonzo,0,CHI,PG,@ DAL,0,0,0,0,0,0,0,0,0,0,0,0,0,0,0,Out for season
6350,Omoruyi,Eugene,0,DET,SF,@ IND,0,0,0,0,0,0,0,0,0,0,0,0,0,0,0,Out
3731,Porter,Otto,0,TOR,SF,@ BOS,0,0,0,0,0,0,0,0,0,0,0,0,0,0,0,Out for season
3711,Adams,Steven,0,MEM,C,@ MIL,0,0,0,0,0,0,0,0,0,0,0,0,0,0,0,Injured
6124,Jerome,Ty,0,GSW,PG,@ SAC,0,0,0,0,0,0,0,0,0,0,0,0,0,0,0,
6327,Aldama,Santi,0,MEM,PF,@ MIL,0,0,0,0,0,0,0,0,0,0,0,0,0,0,0,Doubtful
5498,Sumner,Edmond,0,BKN,SG,ORL,0,0,0,0,0,0,0,0,0,0,0,0,0,0,0,
6528,Keels,Trevor,0,NYK,SG,@ NOR,0,0,0,0,0,0,0,0,0,0,0,0,0,0,0,
6362,Wright,McKinley,0,DAL,PG,CHI,0,0,0,0,0,0,0,0,0,0,0,0,0,0,0,G-League
3701,Antetokounmpo,Giannis,0,MIL,PF/C,MEM,0,0,0,0,0,0,0,0,0,0,0,0,0,0,0,Out
6111,Washington,PJ,0,CHA,PF/C,HOU,0,0,0,0,0,0,0,0,0,0,0,0,0,0,0,Injured
6554,Harper Jr.,Ron,0,TOR,SF,@ BOS,0,0,0,0,0,0,0,0,0,0,0,0,0,0,0,
5711,Bamba,Mo,0,LAL,C,PHO,0,0,0,0,0,0,0,0,0,0,0,0,0,0,0,
6242,Krejci,Vit,0,ATL,PG,PHI,0,0,0,0,0,0,0,0,0,0,0,0,0,0,0,
6376,Smith,Dru,0,BKN,PG,ORL,0,0,0,0,0,0,0,0,0,0,0,0,0,0,0,
6540,Koloko,Christian,0,TOR,C,@ BOS,0,0,0,0,0,0,0,0,0,0,0,0,0,0,0,
5461,Adebayo,Bam,0,MIA,PF/C,@ WAS,0,0,0,0,0,0,0,0,0,0,0,0,0,0,0,Out
5453,Isaac,Jonathan,0,ORL,SF/PF,@ BKN,0,0,0,0,0,0,0,0,0,0,0,0,0,0,0,Out for season
6547,Davison,J.D.,0,BOS,PG,TOR,0,0,0,0,0,0,0,0,0,0,0,0,0,0,0,
1789,Haslem,Udonis,0,MIA,PF,@ WAS,0,0,0,0,0,0,0,0,0,0,0,0,0,0,0,
6542,Christie,Max,0,LAL,SG,PHO,0,0,0,0,0,0,0,0,0,0,0,0,0,0,0,
6541,Lewis,Justin,0,CHI,PF,@ DAL,0,0,0,0,0,0,0,0,0,0,0,0,0,0,0,Out for season
6308,Williams,Ziaire,0,MEM,SG,@ MIL,0,0,0,0,0,0,0,0,0,0,0,0,0,0,0,Injured
3356,Burks,Alec,0,DET,SG,@ IND,0,0,0,0,0,0,0,0,0,0,0,0,0,0,0,Out for season
3490,Green,JaMychal,0,GSW,PF,@ SAC,0,0,0,0,0,0,0,0,0,0,0,0,0,0,0,
6522,Terry,Dalen,0,CHI,PG,@ DAL,0,0,0,0,0,0,0,0,0,0,0,0,0,0,0,
3916,Embiid,Joel,0,PHI,C,@ ATL,0,0,0,0,0,0,0,0,0,0,0,0,0,0,0,Out
6145,Ball,LaMelo,0,CHA,PG,HOU,0,0,0,0,0,0,0,0,0,0,0,0,0,0,0,Out for season
6525,LaRavia,Jake,0,MEM,PF,@ MIL,0,0,0,0,0,0,0,0,0,0,0,0,0,0,0,Out
6536,Baldwin,Patrick,0,GSW,SF,@ SAC,0,0,0,0,0,0,0,0,0,0,0,0,0,0,0,
6586,Williams,Vince,0,MEM,SF,@ MIL,0,0,0,0,0,0,0,0,0,0,0,0,0,0,0,
6558,Ellis,Keon,0,SAC,SG,GSW,0,0,0,0,0,0,0,0,0,0,0,0,0,0,0,
6537,Rollins,Ryan,0,GSW,SG,@ SAC,0,0,0,0,0,0,0,0,0,0,0,0,0,0,0,Out for season
6049,Davis,Terence,0,SAC,SG,GSW,0,0,0,0,0,0,0,0,0,0,0,0,0,0,0,
5716,Ayton,Deandre,0,PHO,C,@ LAL,0,0,0,0,0,0,0,0,0,0,0,0,0,0,0,Out
6576,Hudgins,Trevor,0,HOU,PG,@ CHA,0,0,0,0,0,0,0,0,0,0,0,0,0,0,0,G-League
6575,Quinones,Lester,0,GSW,SG,@ SAC,0,0,0,0,0,0,0,0,0,0,0,0,0,0,0,
3817,McGruder,Rodney,0,DET,SG,@ IND,0,0,0,0,0,0,0,0,0,0,0,0,0,0,0,Injured
6506,Griffin,A.J.,0,ATL,SF,PHI,0,0,0,0,0,0,0,0,0,0,0,0,0,0,0,
6572,Robinson,Orlando,0,MIA,C,@ WAS,0,0,0,0,0,0,0,0,0,0,0,0,0,0,0,
6517,Liddell,E.J.,0,NOR,PF,NYK,0,0,0,0,0,0,0,0,0,0,0,0,0,0,0,Out for season
3812,Marjanovic,Boban,0,HOU,C,@ CHA,0,0,0,0,0,0,0,0,0,0,0,0,0,0,0,
5473,Kuzma,Kyle,0,WAS,SF/PF,MIA,0,0,0,0,0,0,0,0,0,0,0,0,0,0,0,Injured
6048,Fernando,Bruno,0,ATL,C,PHI,0,0,0,0,0,0,0,0,0,0,0,0,0,0,0,
3946,Randle,Julius,0,NYK,PF,@ NOR,0,0,0,0,0,0,0,0,0,0,0,0,0,0,0,Injured
6051,Tate,Jae'Sean,0,HOU,SF/PF,@ CHA,0,0,0,0,0,0,0,0,0,0,0,0,0,0,0,Injured
6565,Pippen Jr.,Scotty,0,LAL,PG,PHO,0,0,0,0,0,0,0,0,0,0,0,0,0,0,0,G-League
6515,Washington,TyTy,0,HOU,PG,@ CHA,0,0,0,0,0,0,0,0,0,0,0,0,0,0,0,G-League
5266,Brown,Jaylen,0,BOS,SG/SF,TOR,0,0,0,0,0,0,0,0,0,0,0,0,0,0,0,Out
3551,Middleton,Khris,0,MIL,SF,MEM,0,0,0,0,0,0,0,0,0,0,0,0,0,0,0,Injured
5478,Reed,Davon,0,LAL,SG,PHO,0,0,0,0,0,0,0,0,0,0,0,0,0,0,0,
6521,Jovic,Nikola,0,MIA,SF,@ WAS,0,0,0,0,0,0,0,0,0,0,0,0,0,0,0,Injured
6535,Brown,Kendall,0,IND,SF,DET,0,0,0,0,0,0,0,0,0,0,0,0,0,0,0,Out for season
2857,Rose,Derrick,0,NYK,PG,@ NOR,0,0,0,0,0,0,0,0,0,0,0,0,0,0,0,
6388,Dowtin Jr,Jeff,0,TOR,PG,@ BOS,0,0,0,0,0,0,0,0,0,0,0,0,0,0,0,G-League
6626,Days,Darius,0,HOU,C,@ CHA,0,0,0,0,0,0,0,0,0,0,0,0,0,0,0,G-League
2769,Young,Thaddeus,0,TOR,PF,@ BOS,0,0,0,0,0,0,0,0,0,0,0,0,0,0,0,
6275,Cunningham,Cade,0,DET,PG/SG,@ IND,0,0,0,0,0,0,0,0,0,0,0,0,0,0,0,Out for season
5687,Melton,De'Anthony,0,PHI,PG/SG,@ ATL,0,0,0,0,0,0,0,0,0,0,0,0,0,0,0,Doubtful
6033,Schofield,Admiral,0,ORL,SF,@ BKN,0,0,0,0,0,0,0,0,0,0,0,0,0,0,0,
6156,Lewis,Kira,0,NOR,PG,NYK,0,0,0,0,0,0,0,0,0,0,0,0,0,0,0,
5649,Kleber,Maxi,0,DAL,PF,CHI,0,0,0,0,0,0,0,0,0,0,0,0,0,0,0,Out
2836,Hill,George,0,IND,PG/SG,DET,0,0,0,0,0,0,0,0,0,0,0,0,0,0,0,
6022,Brown,Moses,0,BKN,C,ORL,0,0,0,0,0,0,0,0,0,0,0,0,0,0,0,
6298,Thomas,Cam,0,BKN,SG,ORL,0,0,0,0,0,0,0,0,0,0,0,0,0,0,0,
5098,McConnell,T.J.,0,IND,PG,DET,0,0,0,0,0,0,0,0,0,0,0,0,0,0,0,Out
5047,Rozier,Terry,0,CHA,PG/SG,HOU,0,0,0,0,0,0,0,0,0,0,0,0,0,0,0,Injured
3004,Holiday,Jrue,0,MIL,PG/SG,MEM,0,0,0,0,0,0,0,0,0,0,0,0,0,0,0,Out
6184,Pritchard,Payton,0,BOS,PG,TOR,0,0,0,0,0,0,0,0,0,0,0,0,0,0,0,Questionable
3439,Beal,Bradley,0,WAS,SG,MIA,0,0,0,0,0,0,0,0,0,0,0,0,0,0,0,Injured
2464,Paul,Chris,0,PHO,PG,@ LAL,0,0,0,0,0,0,0,0,0,0,0,0,0,0,0,Out
5980,Martin,Cody,0,CHA,SF,HOU,0,0,0,0,0,0,0,0,0,0,0,0,0,0,0,Out for season
2643,Tucker,P.J.,0,PHI,SF/PF,@ ATL,0,0,0,0,0,0,0,0,0,0,0,0,0,0,0,Out
3032,Beverley,Patrick,0,CHI,PG,@ DAL,0,0,0,0,0,0,0,0,0,0,0,0,0,0,0,Out
6014,Kabengele,Mfiondu,0,BOS,PF,TOR,0,0,0,0,0,0,0,0,0,0,0,0,0,0,0,
6171,Smith,Jalen,0,IND,PF/C,DET,0,0,0,0,0,0,0,0,0,0,0,0,0,0,0,Out
6173,Green,Josh,0,DAL,SG,CHI,0,0,0,0,0,0,0,0,0,0,0,0,0,0,0,Out
5145,Wood,Christian,0,DAL,PF/C,CHI,0,0,0,0,0,0,0,0,0,0,0,0,0,0,0,Out
6067,Clarke,Brandon,0,MEM,PF/C,@ MIL,0,0,0,0,0,0,0,0,0,0,0,0,0,0,0,Out for season
6079,Hayes,Jaxson,0,NOR,PF/C,NYK,0,0,0,0,0,0,0,0,0,0,0,0,0,0,0,
6166,Flynn,Malachi,0,TOR,PG,@ BOS,0,0,0,0,0,0,0,0,0,0,0,0,0,0,0,
6152,Haliburton,Tyrese,0,IND,PG/SG,DET,0,0,0,0,0,0,0,0,0,0,0,0,0,0,0,Injured
6170,Stewart,Isaiah,0,DET,PF/C,@ IND,0,0,0,0,0,0,0,0,0,0,0,0,0,0,0,Out for season
2718,Durant,Kevin,0,PHO,SF/PF,@ LAL,0,0,0,0,0,0,0,0,0,0,0,0,0,0,0,Out
6516,Chandler,Kennedy,0,MEM,PG,@ MIL,0,0,0,0,0,0,0,0,0,0,0,0,0,0,0,
5271,Simmons,Ben,0,BKN,PG/PF/C,ORL,0,0,0,0,0,0,0,0,0,0,0,0,0,0,0,Out for season
6217,Forrest,Trent,0,ATL,SG,PHI,0,0,0,0,0,0,0,0,0,0,0,0,0,0,0,
5510,Kornet,Luke,0,BOS,C,TOR,0,0,0,0,0,0,0,0,0,0,0,0,0,0,0,
6325,Livers,Isaiah,0,DET,SF/PF,@ IND,0,0,0,0,0,0,0,0,0,0,0,0,0,0,0,Out
6154,Avdija,Deni,0,WAS,SF/PF,MIA,0,0,0,0,0,0,0,0,0,0,0,0,0,0,0,Out
3775,Dellavedova,Matthew,0,SAC,PG,GSW,0,0,0,0,0,0,0,0,0,0,0,0,0,0,0,Injured
5053,Turner,Myles,0,IND,PF/C,DET,0,0,0,0,0,0,0,0,0,0,0,0,0,0,0,Questionable
5043,Porzingis,Kristaps,0,WAS,PF/C,MIA,0,0,0,0,0,0,0,0,0,0,0,0,0,0,0,Injured
5994,King,Louis,0,PHI,PF,@ ATL,0,0,0,0,0,0,0,0,0,0,0,0,0,0,0,
6634,Williams,Donovan,0,ATL,SG,PHI,0,0,0,0,0,0,0,0,0,0,0,0,0,0,0,
6121,Williamson,Zion,0,NOR,PF,NYK,0,0,0,0,0,0,0,0,0,0,0,0,0,0,0,Injured
5039,Oubre,Kelly,0,CHA,SG/SF/PF,HOU,0,0,0,0,0,0,0,0,0,0,0,0,0,0,0,Injured
2824,Gallinari,Danilo,0,BOS,SF/PF,TOR,0,0,0,0,0,0,0,0,0,0,0,0,0,0,0,Out for season
3956,Warren,T.J.,0,PHO,SF,@ LAL,0,0,0,0,0,0,0,0,0,0,0,0,0,0,0,Out
3354,Bogdanovic,Bojan,0,DET,SF/PF,@ IND,0,0,0,0,0,0,0,0,0,0,0,0,0,0,0,Out for season
6094,Mathews,Garrison,0,ATL,SG/SF,PHI,0,0,0,0,0,0,0,0,0,0,0,0,0,0,0,
2615,Lowry,Kyle,0,MIA,PG,@ WAS,0,0,0,0,0,0,0,0,0,0,0,0,0,0,0,Out
3369,Irving,Kyrie,0,DAL,PG/SG,CHI,0,0,0,0,0,0,0,0,0,0,0,0,0,0,0,Out
6160,Maxey,Tyrese,0,PHI,PG/SG,@ ATL,0,0,0,0,0,0,0,0,0,0,0,0,0,0,0,Out
2997,Griffin,Blake,0,BOS,PF/C,TOR,0,0,0,0,0,0,0,0,0,0,0,0,0,0,0,
5002,Booker,Devin,0,PHO,PG/SG,@ LAL,0,0,0,0,0,0,0,0,0,0,0,0,0,0,0,Out
3957,Wiggins,Andrew,0,GSW,SF/PF,@ SAC,0,0,0,0,0,0,0,0,0,0,0,0,0,0,0,Injured
3001,Harden,James,0,PHI,PG/SG,@ ATL,0,0,0,0,0,0,0,0,0,0,0,0,0,0,0,Out
6560,Martin,Tyrese,0,ATL,SF,PHI,0,0,0,0,0,0,0,0,0,0,0,0,0,0,0,
5497,Morris,Monte,0,WAS,PG,MIA,0,0,0,0,0,0,0,0,0,0,0,0,0,0,0,Injured
6579,Swider,Cole,0,LAL,SF,PHO,0,0,0,0,0,0,0,0,0,0,0,0,0,0,0,Questionable
3932,LaVine,Zach,0,CHI,SG/SF,@ DAL,0,0,0,0,0,0,0,0,0,0,0,0,0,0,0,Out
5596,Dozier,P.J.,0,SAC,PG,GSW,0,0,0,0,0,0,0,0,0,0,0,0,0,0,0,
3006,DeRozan,DeMar,0,CHI,SG/SF,@ DAL,0,0,0,0,0,0,0,0,0,0,0,0,0,0,0,Out
5766,Cooks,Xavier,0,WAS,PG,MIA,0,0,0,0,0,0,0,0,0,0,0,0,0,0,0,
5983,Jeffries,DaQuan,0,NYK,SG,@ NOR,0,0,0,0,0,0,0,0,0,0,0,0,0,0,0,Out
6380,Lawson,A.J.,0,DAL,SG,CHI,0,0,0,0,0,0,0,0,0,0,0,0,0,0,0,G-League
3040,Mills,Patty,0,BKN,PG,ORL,0,0,0,0,0,0,0,0,0,0,0,0,0,0,0,
5722,Metu,Chimezie,0,SAC,C,GSW,0,0,0,0,0,0,0,0,0,0,0,0,0,0,0,
5724,Allen,Grayson,0,MIL,SG,MEM,0,0,0,0,0,0,0,0,0,0,0,0,0,0,0,Injured
6192,Scrubb,Jay,0,ORL,SG,@ BKN,0,0,0,0,0,0,0,0,0,0,0,0,0,0,0,G-League
3011,Gibson,Taj,0,WAS,PF,MIA,0,0,0,0,0,0,0,0,0,0,0,0,0,0,0,
6258,Sneed,Xavier,0,CHA,SF,HOU,0,0,0,0,0,0,0,0,0,0,0,0,0,0,0,
5927,Konchar,John,0,MEM,SG,@ MIL,0,0,0,0,0,0,0,0,0,0,0,0,0,0,0,
6641,Harris,Kevon,0,ORL,SF,@ BKN,0,0,0,0,0,0,0,0,0,0,0,0,0,0,0,
6337,Banton,Dalano,0,TOR,PG,@ BOS,0,0,0,0,0,0,0,0,0,0,0,0,0,0,0,
3162,Hayward,Gordon,0,CHA,SF,HOU,0,0,0,0,0,0,0,0,0,0,0,0,0,0,0,Injured
5017,Hernangomez,Willy,0,NOR,C,NYK,0,0,0,0,0,0,0,0,0,0,0,0,0,0,0,
5913,Herro,Tyler,0,MIA,PG/SG,@ WAS,0,0,0,0,0,0,0,0,0,0,0,0,0,0,0,Out
6303,Duarte,Chris,0,IND,SG,DET,0,0,0,0,0,0,0,0,0,0,0,0,0,0,0,Injured
5021,Holmes,Richaun,0,SAC,PF/C,GSW,0,0,0,0,0,0,0,0,0,0,0,0,0,0,0,
6355,Washington,Duane,0,NYK,PG,@ NOR,0,0,0,0,0,0,0,0,0,0,0,0,0,0,0,Out
3774,Dedmon,Dewayne,0,PHI,C,@ ATL,0,0,0,0,0,0,0,0,0,0,0,0,0,0,0,
5723,Walker,Lonnie,0,LAL,SG/SF,PHO,0,0,0,0,0,0,0,0,0,0,0,0,0,0,0,
6318,Wieskamp,Joe,0,TOR,SF,@ BOS,0,0,0,0,0,0,0,0,0,0,0,0,0,0,0,
2846,Lopez,Brook,0,MIL,C,MEM,0,0,0,0,0,0,0,0,0,0,0,0,0,0,0,Out
2289,Iguodala,Andre,0,GSW,SG/SF,@ SAC,0,0,0,0,0,0,0,0,0,0,0,0,0,0,0,Out for season
6312,Queta,Neemias,0,SAC,C,GSW,0,0,0,0,0,0,0,0,0,0,0,0,0,0,0,G-League
6316,Todd,Isaiah,0,WAS,PF,MIA,0,0,0,0,0,0,0,0,0,0,0,0,0,0,0,
6283,Moody,Moses,0,GSW,SG,@ SAC,0,0,0,0,0,0,0,0,0,0,0,0,0,0,0,
4049,Theis,Daniel,0,IND,PF/C,DET,0,0,0,0,0,0,0,0,0,0,0,0,0,0,0,
5026,Kaminsky,Frank,0,HOU,C,@ CHA,0,0,0,0,0,0,0,0,0,0,0,0,0,0,0,
3076,Temple,Garrett,0,NOR,SG,NYK,0,0,0,0,0,0,0,0,0,0,0,0,0,0,0,
6432,Duke,David,0,BKN,SG,ORL,0,0,0,0,0,0,0,0,0,0,0,0,0,0,0,Note
