id,last_name,first_name,team,position
5658,Doncic,Luka,DAL,PG/SG
2011,James,LeBron,LAL,PG/SF/PF
3930,Jokic,Nikola,DEN,C
3916,Embiid,Joel,PHI,C
3640,Davis,Anthony,LAL,PF/C
3542,Lillard,Damian,POR,PG
3001,Harden,James,PHI,PG/SG
6145,Ball,LaMelo,CHA,PG
5693,Gilgeous-Alexander,Shai,OKC,PG/SG
3946,Randle,Julius,NYK,PF
6147,Edwards,Anthony,MIN,SG/SF
5454,Markkanen,Lauri,UTA,SF/PF
5664,Young,Trae,ATL,PG
3369,Irving,Kyrie,DAL,PG/SG
6152,Haliburton,Tyrese,IND,PG/SG
3404,Vucevic,Nikola,CHI,C
5461,Adebayo,Bam,MIA,PF/C
5460,Mitchell,Donovan,CLE,PG/SG
6112,Garland,Darius,CLE,PG/SG
3006,DeRozan,DeMar,CHI,SG/SF
5679,Brunson,Jalen,NYK,PG/SG
3357,Butler,Jimmy,MIA,SG/SF/PF
6281,Sengun,Alperen,HOU,C
5043,Porzingis,Kristaps,WAS,PF/C
5301,Murray,Dejounte,ATL,PG/SG
5047,Rozier,Terry,CHA,PG/SG
5360,Ingram,Brandon,NOR,SF/PF
5345,Murray,Jamal,DEN,PG
3932,LaVine,Zach,CHI,SG/SF
6276,Mobley,Evan,CLE,PF/C
3729,Gobert,Rudy,MIN,C
3914,Dinwiddie,Spencer,BKN,PG/SG
5053,Turner,Myles,IND,PF/C
5473,Kuzma,Kyle,WAS,SF/PF
6523,Kessler,Walker,UTA,C
3399,Thompson,Klay,GSW,SG/SF
6282,Giddey,Josh,OKC,PG/SG
3723,McCollum,C.J.,NOR,PG/SG
3439,Beal,Bradley,WAS,SG
5468,Allen,Jarrett,CLE,C
5936,Poole,Jordan,GSW,PG/SG
5913,Herro,Tyler,MIA,PG/SG
5048,Russell,D'Angelo,LAL,PG/SG
3908,Capela,Clint,ATL,C
6500,Banchero,Paolo,ORL,SF/PF
6280,Green,Jalen,HOU,SG
6511,Williams,Mark,CHA,C
3920,Gordon,Aaron,DEN,PF
3910,Clarkson,Jordan,UTA,SG
5973,Claxton,Nicolas,BKN,PF/C
5717,Bridges,Mikal,BKN,SG/SF
5902,Johnson,Keldon,SAS,SF/PF
5675,Carter Jr.,Wendell,ORL,PF/C
5364,Hield,Buddy,IND,SG/SF
5677,Sexton,Collin,UTA,PG/SG
5720,Simons,Anfernee,POR,PG/SG
6284,Wagner,Franz,ORL,SG/SF/PF
3957,Wiggins,Andrew,GSW,SF/PF
6111,Washington,PJ,CHA,PF/C
6057,Barrett,R.J.,NYK,SG/SF
3487,Green,Draymond,GSW,PF
5682,Porter Jr.,Michael,DEN,SF/PF
3677,Olynyk,Kelly,UTA,PF/C
5457,Collins,Zach,SAS,C
3402,Valanciunas,Jonas,NOR,C
6505,Mathurin,Bennedict,IND,SG/SF
6518,Williams,Jalen,OKC,SG/SF
6160,Maxey,Tyrese,PHI,PG/SG
3901,Anderson,Kyle,MIN,SF/PF
3162,Hayward,Gordon,CHA,SF
5476,Hart,Josh,NYK,SG/SF
6499,Smith Jr,Jabari,HOU,PF
6116,Horton-Tucker,Talen,UTA,SG/SF
3367,Harris,Tobias,PHI,SF/PF
5448,Fultz,Markelle,ORL,PG
5977,Gafford,Daniel,WAS,PF/C
6165,Jones,Tre,SAS,PG
5988,Dort,Luguentz,OKC,SG/SF
2711,Conley,Mike,MIN,PG
6207,Martin Jr.,Kenyon,HOU,SF
6188,McDaniels,Jaden,MIN,SF
5898,Vincent,Gabe,MIA,PG
5465,Collins,John,ATL,PF/C
6125,Johnson,Cam,BKN,SF/PF
6324,Jones,Herb,NOR,SF/PF
6173,Green,Josh,DAL,SG
6512,Sochan,Jeremy,SAS,PF
6154,Avdija,Deni,WAS,SF/PF
6047,Hunter,De'Andre,ATL,SF/PF
5489,Hartenstein,Isaiah,NYK,PF/C
5681,Vanderbilt,Jarred,LAL,PF/C
5497,Morris,Monte,WAS,PG
3709,Hardaway Jr.,Tim,DAL,SG/SF
3689,Caldwell-Pope,Kentavious,DEN,SG/SF
5700,DiVincenzo,Donte,GSW,PG/SG
6120,Nowell,Jaylen,MIN,SG
5425,LeVert,Caris,CLE,SG/SF
6274,Suggs,Jalen,ORL,PG/SG
6290,Murphy,Trey,NOR,SG/SF
5767,Eubanks,Drew,POR,PF
6032,Hachimura,Rui,LAL,SF/PF
3904,Bogdanovic,Bogdan,ATL,SG/SF
5028,Looney,Kevon,GSW,PF/C
6158,Williams,Patrick,CHI,SF/PF
3046,Rubio,Ricky,CLE,PG
5036,Nance Jr.,Larry,NOR,PF/C
3674,Schroder,Dennis,LAL,PG
6051,Tate,Jae'Sean,HOU,SF/PF
6212,Richards,Nick,CHA,C
5389,Finney-Smith,Dorian,BKN,SF/PF
5274,Caruso,Alex,CHI,PG/SG
5967,Reid,Naz,MIN,C
6514,Eason,Tari,HOU,SF
3714,Oladipo,Victor,MIA,SG
5685,Brown,Bruce,DEN,SG/SF
5058,Wright,Delon,WAS,SG/PF
5687,Melton,De'Anthony,PHI,PG/SG
5145,Wood,Christian,DAL,PF/C
6532,Nembhard,Andrew,IND,PG
6533,Williams,Jaylin,OKC,C
6149,Okongwu,Onyeka,ATL,C
6185,Quickley,Immanuel,NYK,PG
6162,Anthony,Cole,ORL,PG
6127,Martin,Caleb,MIA,SG/SF
5098,McConnell,T.J.,IND,PG
6161,Nesmith,Aaron,IND,SF
5427,Beasley,Malik,LAL,SG
6150,Okoro,Isaac,CLE,SG/SF
6159,Bey,Saddiq,ATL,SF/PF
6298,Thomas,Cam,BKN,SG
6510,Branham,Malaki,SAS,SG
6365,Watford,Trendon,POR,PF
5991,Little,Nassir,POR,SF/PF
5670,Graham,Devonte',SAS,PG
6289,Kuminga,Jonathan,GSW,SF/PF
5970,Roby,Isaiah,SAS,PF/C
3696,Bullock,Reggie,DAL,SG/SF
6109,Reddish,Cam,POR,SG/SF
3945,Powell,Dwight,DAL,C
5856,Williams,Kenrich,OKC,SF
5046,Richardson,Josh,NOR,SG/SF
6191,Joe,Isaiah,OKC,SG
6321,Dosunmu,Ayo,CHI,PG/SG
6326,Robinson-Earl,Jeremiah,OKC,PF/C
3948,Saric,Dario,OKC,PF
5456,Smith Jr.,Dennis,CHA,PG
6334,Sims,Jericho,NYK,PF
6195,Marshall,Naji,NOR,SF
5697,Wagner,Moritz,ORL,PF/C
5271,Simmons,Ben,BKN,PG/PF/C
5412,Prince,Taurean,MIN,SF
6076,Strus,Max,MIA,SG
3923,Harris,Gary,ORL,SG
6515,Washington,TyTy,HOU,PG
5803,McLaughlin,Jordan,MIN,PG
6322,Grimes,Quentin,NYK,SG
5976,White,Coby,CHI,PG
6124,Jerome,Ty,GSW,PG
4049,Theis,Daniel,IND,PF/C
5235,Niang,Georges,PHI,PF
5702,Bates-Diop,Keita,SAS,SF
6504,Sharpe,Shaedon,POR,SG
6110,Langford,Romeo,SAS,SG
6303,Duarte,Chris,IND,SG
6363,Alvarado,Jose,NOR,PG
5981,McDaniels,Jalen,PHI,PF
3490,Green,JaMychal,GSW,PF
5105,O'Neale,Royce,BKN,SF/PF
3934,McDermott,Doug,SAS,SF
6114,Bol,Bol,ORL,PF/C
6519,Hardy,Jaden,DAL,SG
2851,McGee,JaVale,DAL,C
5760,Nunn,Kendrick,WAS,SG
6307,Christopher,Josh,HOU,SG
5453,Isaac,Jonathan,ORL,SF/PF
6513,Agbaji,Ochai,UTA,SF
6287,Garuba,Usman,HOU,PF
6530,McGowens,Bryce,CHA,SG
5961,Thybulle,Matisse,POR,SG/SF
5725,Brown Jr,Troy,LAL,SF
2724,Green,Jeff,DEN,PF
6301,Kispert,Corey,WAS,SF
6193,Reed,Paul,PHI,PF
5907,Wade,Dean,CLE,PF
6561,Walker,Jabari,POR,PF
6330,Reaves,Austin,LAL,SG
6194,Azubuike,Udoka,UTA,C
6572,Robinson,Orlando,MIA,C
2643,Tucker,P.J.,PHI,SF/PF
3464,Drummond,Andre,CHI,C
6302,Mann,Tre,OKC,PG
6526,Braun,Christian,DEN,SG
5899,Highsmith,Haywood,MIA,SF
6718,Fontecchio,Simone,UTA,SF
6332,Nix,Daishen,HOU,SG
2600,Gay,Rudy,UTA,PF
2819,Dragic,Goran,CHI,PG
5488,Bryant,Thomas,DEN,C
5714,Milton,Shake,PHI,PG
3863,Curry,Seth,BKN,PG/SG
5442,Jones,Derrick,CHI,SF
6148,Toppin,Obi,NYK,PF
5495,Cancar,Vlatko,DEN,SF
6506,Griffin,A.J.,ATL,SF
6294,Thor,J.T.,CHA,PF
5705,Knox,Kevin,POR,SF
3924,Harris,Joe,BKN,SG/SF
5038,Osman,Cedi,CLE,SF
6016,Brissett,Oshae,IND,PF
6634,Williams,Donovan,ATL,SG
3370,Jackson,Reggie,DEN,PG
6498,Holmgren,Chet,OKC,PF
6496,Waters,Lindy,OKC,SF
3730,Neto,Raul,CLE,PG
3704,Dieng,Gorgui,SAS,PF/C
6459,Ryan,Matt,MIN,SF
5723,Walker,Lonnie,LAL,SG/SF
6503,Daniels,Dyson,NOR,PG
6508,Davis,Johnny,WAS,SG
6509,Dieng,Ousmane,OKC,SF
6639,White,Jack,DEN,SF
5550,Hill,Malcolm,CHI,SF
6641,Harris,Kevon,ORL,SF
6517,Liddell,E.J.,NOR,PF
6579,Swider,Cole,LAL,SF
6559,Gillespie,Collin,DEN,PG
3040,Mills,Patty,BKN,PG
6565,Pippen Jr.,Scotty,LAL,PG
6560,Martin,Tyrese,ATL,SF
6291,Johnson,Keon,POR,SG
2836,Hill,George,IND,PG/SG
6552,Seabron,Dereon,NOR,SG
2872,Westbrook,Russell,UTA,PG
6601,Cain,Jamal,MIA,SF
6544,Houstan,Caleb,ORL,SF
6543,Minott,Josh,MIN,PF
6542,Christie,Max,LAL,SG
6574,Mobley,Isaiah,CLE,PF
6576,Hudgins,Trevor,HOU,PG
6566,Champagnie,Julian,PHI,SF
6537,Rollins,Ryan,GSW,SG
6522,Terry,Dalen,CHI,PG
6296,Bouknight,James,CHA,SG
6156,Lewis,Kira,NOR,PG
6295,Johnson,Jalen,ATL,SF
6534,Moore,Wendell,MIN,SF
6531,Watson,Peyton,DEN,SF
6528,Keels,Trevor,NYK,SG
6524,Wesley,Blake,SAS,SG
6580,Bouyea,Jamaree,MIA,PG
5706,Robinson,Mitchell,NYK,C
6626,Days,Darius,HOU,C
6521,Jovic,Nikola,MIA,SF
6545,Barlow,Dominick,SAS,PF
5980,Martin,Cody,CHA,SF
6658,Jackson,Quenton,WAS,SG
2615,Lowry,Kyle,MIA,PG
6286,Springer,Jaden,PHI,PG
6380,Lawson,A.J.,DAL,SG
3506,Holiday,Justin,HOU,SG/SF
6536,Baldwin,Patrick,GSW,SF
6202,Carey Jr.,Vernon,WAS,C
5275,Arcidiacono,Ryan,POR,PG
5752,Robinson,Duncan,MIA,SG/SF
6242,Krejci,Vit,ATL,PG
6033,Schofield,Admiral,ORL,SF
6113,Porter,Kevin,HOU,PG/SG
6123,Okeke,Chuma,ORL,PF
3436,Barton,Will,WAS,SG/SF
2857,Rose,Derrick,NYK,PG
6222,Simonovic,Marko,CHI,C
6217,Forrest,Trent,ATL,SG
6214,Knight,Nathan,MIN,C
6211,Queen,Trevelin,IND,SG
6206,Stevens,Lamar,CLE,PF
6568,Juzang,Johnny,UTA,SF
5649,Kleber,Maxi,DAL,PF
6564,Butler,John,POR,C
5690,Holiday,Aaron,ATL,PG
6535,Brown,Kendall,IND,SF
5695,Mykhailiuk,Svi,CHA,SG
6180,Nnaji,Zeke,DEN,PF
3939,Nurkic,Jusuf,POR,C
5382,House,Danuel,PHI,SG/SF
5449,Ball,Lonzo,CHI,PG
6370,Goodwin,Jordan,WAS,SG
6360,Potter,Micah,UTA,C
5436,Korkmaz,Furkan,PHI,SG
6350,Omoruyi,Eugene,OKC,SF
5421,Jones,Damian,UTA,C
6339,Wiggins,Aaron,OKC,SG
6336,Garza,Luka,MIN,C
3575,Rivers,Austin,MIN,SG
6329,Sharpe,Day'Ron,BKN,C
6299,McBride,Miles,NYK,PG
5498,Sumner,Edmond,BKN,SG
5711,Bamba,Mo,LAL,C
5853,Green,Javonte,CHI,SG/SF
5478,Reed,Davon,LAL,SG
1789,Haslem,Udonis,MIA,PF
3475,Fournier,Evan,NYK,SG/SF
2848,Love,Kevin,CLE,PF
6316,Todd,Isaiah,WAS,PF
6177,Maledon,Theo,CHA,PG
6175,Bolmaro,Leandro,UTA,SG
6171,Smith,Jalen,IND,PF/C
5804,Watanabe,Yuta,BKN,SF
5017,Hernangomez,Willy,NOR,C
6223,Diakite,Mamadi,CLE,PF
5908,Windler,Dylan,CLE,SF
4048,Birch,Khem,SAS,C
6305,Jackson,Isaiah,IND,PF/C
6297,Jones,Kai,CHA,PF
6397,Sarr,Olivier,OKC,C
6283,Moody,Moses,GSW,SG
5916,Silva,Chris,DAL,PF
6376,Smith,Dru,BKN,PG
6309,Bassey,Charles,SAS,C
6362,Wright,McKinley,DAL,PG
6227,Lamb,Anthony,GSW,SF
6151,Hampton,R.J.,ORL,PG
6079,Hayes,Jaxson,NOR,PF/C
6190,Nwora,Jordan,IND,SF
5336,Payton II,Gary,GSW,PG
6249,Yurtseven,Omer,MIA,C
3921,Grant,Jerami,POR,SF/PF
2999,Curry,Stephen,GSW,PG
5014,Harrell,Montrezl,PHI,PF/C
3388,Morris,Markieff,DAL,PF
5026,Kaminsky,Frank,HOU,C
5949,Toscano-Anderson,Juan,UTA,PF
6427,Jones,Carlik,CHI,PG
5474,Bradley,Tony,CHI,C
5455,Ntilikina,Frank,DAL,PG
5748,Gabriel,Wenyen,LAL,SF
2847,Lopez,Robin,CLE,C
6094,Mathews,Garrison,ATL,SG/SF
5801,Pinson,Theo,DAL,SG
6080,Alexander-Walker,Nickeil,MIN,SG
3047,Green,Danny,CLE,SG/SF
6155,Vassell,Devin,SAS,SG/SF
2841,Jordan,DeAndre,DEN,C
6048,Fernando,Bruno,ATL,C
3011,Gibson,Taj,WAS,PF
6121,Williamson,Zion,NOR,PF
5994,King,Louis,PHI,PF
5983,Jeffries,DaQuan,NYK,SG
3225,Smith,Ish,DEN,PG
5519,Gill,Anthony,WAS,PF
5057,Winslow,Justise,POR,SF
5052,Towns,Karl-Anthony,MIN,PF/C
2289,Iguodala,Andre,GSW,SG/SF
5039,Oubre,Kelly,CHA,SG/SF/PF
3352,Bertans,Davis,DAL,PF
3076,Temple,Garrett,NOR,SG
6157,Pokusevski,Aleksej,OKC,PF/C
6727,Badji,Ibou,POR,C
6432,Duke,David,BKN,SG
3701,Antetokounmpo,Giannis,MIL,PF/C
5450,Tatum,Jayson,BOS,SF/PF
5433,Sabonis,Domantas,SAC,PF/C
3377,Leonard,Kawhi,LAC,SF/PF
5354,Siakam,Pascal,TOR,PF/C
3111,George,Paul,LAC,SG/SF
5002,Booker,Devin,PHO,PG/SG
3004,Holiday,Jrue,MIL,PG/SG
5452,Fox,De'Aaron,SAC,PG
5356,VanVleet,Fred,TOR,PG/SG
5716,Ayton,Deandre,PHO,C
2464,Paul,Chris,PHO,PG
6285,Barnes,Scottie,TOR,SF/PF
3949,Smart,Marcus,BOS,PG/SG
6163,Achiuwa,Precious,TOR,PF/C
5308,Brogdon,Malcolm,BOS,PG/SG
2846,Lopez,Brook,MIL,C
5044,Powell,Norman,LAC,SG/SF
3551,Middleton,Khris,MIL,SF
3435,Barnes,Harrison,SAC,SF/PF
5577,Craig,Torrey,PHO,SF/PF
5042,Portis,Bobby,MIL,PF/C
5355,Poeltl,Jakob,TOR,C
5719,Trent,Gary,TOR,SG
2730,Horford,Al,BOS,PF/C
5475,White,Derrick,BOS,PG/SG
5361,Zubac,Ivica,LAC,C
5458,Monk,Malik,SAC,SG/SF
5662,Huerter,Kevin,SAC,SG
5648,Boucher,Chris,TOR,PF/C
6502,Murray,Keegan,SAC,PF
3387,Morris,Marcus,LAC,SF/PF
3675,Plumlee,Mason,LAC,C
6015,Mann,Terance,LAC,SG/SF
6009,Williams,Grant,BOS,PF
3956,Warren,T.J.,PHO,SF
5006,Connaughton,Pat,MIL,SG/SF
5724,Allen,Grayson,MIL,SG
5701,Okogie,Josh,PHO,SG/SF
6293,Hyland,Bones,LAC,PG
3456,Crowder,Jae,MIL,SF/PF
6345,Hauser,Sam,BOS,SF
5040,Payne,Cam,PHO,PG
5029,Lyles,Trey,SAC,PF
5249,Lee,Damion,PHO,SG/SF
2828,Gordon,Eric,LAC,SG/SF
3672,Muscala,Mike,BOS,C
5728,Landale,Jock,PHO,C
5713,Shamet,Landry,PHO,SG
2769,Young,Thaddeus,TOR,PF
5699,Carter,Jevon,MIL,PG
3242,Ingles,Joe,MIL,SF
6049,Davis,Terence,SAC,SG
5722,Metu,Chimezie,SAC,C
2810,Batum,Nicolas,LAC,SG/SF
2997,Griffin,Blake,BOS,PF/C
6184,Pritchard,Payton,BOS,PG
6300,Mitchell,Davion,SAC,PG
6166,Flynn,Malachi,TOR,PG
6558,Ellis,Keon,SAC,SG
3902,Antetokounmpo,Thanasis,MIL,SF
6210,Lee,Saben,PHO,PG
5266,Brown,Jaylen,BOS,SG/SF
6520,Beauchamp,MarJon,MIL,SG
6068,Bazley,Darius,PHO,SF/PF
6547,Davison,J.D.,BOS,PG
2718,Durant,Kevin,PHO,SF/PF
5668,Williams,Robert,BOS,PF/C
6118,Okpala,KZ,SAC,SF
3089,Matthews,Wesley,MIL,SF
5510,Kornet,Luke,BOS,C
6318,Wieskamp,Joe,TOR,SF
6328,Mamukelashvili,Sandro,MIL,C
5469,Anunoby,O.G.,TOR,SF
6388,Dowtin,Jeff,TOR,PG
6567,Diabate,Moussa,LAC,PF
3766,Covington,Robert,LAC,SF/PF
3775,Dellavedova,Matthew,SAC,PG
6337,Banton,Dalano,TOR,PG
6014,Kabengele,Mfiondu,BOS,PF
6403,Wainright,Ish,PHO,PF
6013,Coffey,Amir,LAC,SG
6022,Brown,Moses,LAC,C
3731,Porter,Otto,TOR,SF
6314,Boston Jr.,Brandon,LAC,SG
6583,Green,AJ,MIL,SG
3581,Ross,Terrence,PHO,SG/SF
3720,Len,Alex,SAC,C
5343,Hernangomez,Juan,TOR,PF
2824,Gallinari,Danilo,BOS,SF/PF
3353,Biyombo,Bismack,PHO,C
6554,Harper Jr.,Ron,TOR,SF
6311,Edwards,Kessler,SAC,SF
6312,Queta,Neemias,SAC,C
6313,Preston,Jason,LAC,PG
6540,Koloko,Christian,TOR,C
5021,Holmes,Richaun,SAC,PF/C
6117,Morant,Ja,MEM,PG
6164,Bane,Desmond,MEM,SG
5698,Jackson Jr.,Jaren,MEM,PF/C
3354,Bogdanovic,Bojan,DET,PF
6507,Duren,Jalen,DET,C
6153,Hayes,Killian,DET,PG
6501,Ivey,Jaden,DET,PG/SG
6170,Stewart,Isaiah,DET,PF/C
6168,Tillman,Xavier,MEM,PF/C
5491,Brooks,Dillon,MEM,SG/SF
6067,Clarke,Brandon,MEM,PF/C
5025,Jones,Tyus,MEM,PG
6146,Wiseman,James,DET,C
3356,Burks,Alec,DET,SG
6327,Aldama,Santi,MEM,PF
5669,Diallo,Hamidou,DET,SG
6325,Livers,Isaiah,DET,PF
3373,Joseph,Cory,DET,PG
5459,Kennard,Luke,MEM,SG
5927,Konchar,John,MEM,SG
6563,Lofton Jr.,Kenny,MEM,PF
6586,Williams,Vince,MEM,SF
6308,Williams,Ziaire,MEM,SG
6589,Rhoden,Jared,DET,SG
3711,Adams,Steven,MEM,C
6516,Chandler,Kennedy,MEM,PG
3718,Noel,Nerlens,DET,C
5721,Bagley III,Marvin,DET,PF/C
3817,McGruder,Rodney,DET,SG
6275,Cunningham,Cade,DET,PG/SG
6657,Umude,Stanley,DET,SF
6527,Roddy,David,MEM,PF
6525,LaRavia,Jake,MEM,PF
6587,Boeheim,Buddy,DET,SG
